blst,flh,sup,cag,fag,age,inX,outY
0,0,2.5,1040,676,28,0.3,4.38190135
0,0,2.5,1055,676,28,0.3,4.125358355
142.5,0,0,932,594,270,0.685714286,3.695606542
142.5,0,0,932,594,365,0.685714286,3.714790601
132.4,0,0,978.4,825.5,360,0.966767372,3.790984438
114,0,0,932,670,90,0.857142857,3.850785453
95,0,0,932,594,365,0.6,3.777347864
95,0,0,932,594,28,0.6,3.595941232
114,0,0,932,670,28,0.857142857,3.825374957
0,0,0,932,594,28,0.48,3.670969802
132.4,0,0,978.4,825.5,90,0.966767372,3.639426341
132.4,0,0,978.4,825.5,28,0.966767372,3.332918331
47.5,0,0,932,594,270,0.533333333,3.761432409
190,0,0,932,670,90,1.2,3.745495818
76,0,0,932,670,28,0.75,3.867234579
0,0,0,932,670,90,0.6,3.968592106
209.4,0,0,1047,806.9,90,1.375358166,3.67274984
38,0,0,932,670,365,0.666666667,4.027848317
95,0,0,932,594,90,0.6,3.702782126
0,0,0,932,594,180,0.48,3.75232339
47.5,0,0,932,594,180,0.533333333,3.733852584
209.4,0,0,1047,806.9,28,1.375358166,3.340739202
209.4,0,0,1047,806.9,3,1.375358166,2.086913425
209.4,0,0,1047,806.9,180,1.375358166,3.788950769
0,0,0,932,670,365,0.6,3.961193799
0,0,0,932,670,270,0.6,3.97593608
95,0,0,932,594,270,0.6,3.717223693
38,0,0,932,670,180,0.666666667,3.953548503
47.5,0,0,932,594,28,0.533333333,3.622472293
0,0,0,932,594,7,0.48,3.653252046
76,0,0,932,670,365,0.75,4.012049066
114,0,0,932,670,365,0.857142857,3.968592106
132.4,0,0,978.4,825.5,180,0.966767372,3.730980395
0,0,0,932,594,270,0.48,3.74075984
190,0,0,932,670,365,1.2,3.983226513
237.5,0,0,932,594,270,0.96,3.648317612
237.5,0,0,932,594,28,0.96,3.403860284
142.5,0,0,932,594,90,0.685714286,3.630190229
0,0,0,932,594,90,0.48,3.743130633
237.5,0,0,932,594,180,0.96,3.590439155
38,0,0,932,670,90,0.666666667,3.921180696
47.5,0,0,932,594,365,0.533333333,3.777347864
237.5,0,0,932,594,365,0.96,3.663561415
0,0,0,932,670,180,0.6,3.972176678
47.5,0,0,932,594,90,0.533333333,3.726656583
47.5,0,0,932,594,7,0.533333333,3.557630943
0,0,0,1047,806.9,3,0.550143266,2.71137782
95,0,0,932,594,180,0.6,3.707700974
237.5,0,0,932,594,7,0.96,3.268046663
95,0,0,932,594,7,0.6,3.491037865
142.5,0,0,932,594,180,0.685714286,3.683364041
190,0,0,932,670,180,1.2,3.848656887
237.5,0,0,932,594,90,0.96,3.500137109
76,0,0,932,670,90,0.75,3.895690105
209.4,0,0,1047,806.9,7,1.375358166,2.680336193
132.4,0,0,978.4,825.5,7,0.966767372,2.683757339
0,0,0,932,594,365,0.48,3.736001325
132.4,0,0,978.4,825.5,3,0.966767372,2.211565555
76,0,0,932,670,180,0.75,3.930844512
142.5,0,0,932,594,28,0.685714286,3.497113218
76,0,0,932,670,270,0.75,3.995996187
114,0,0,932,670,270,0.857142857,3.946037635
0,0,0,971,850.6,3,0.619354839,2.289499709
190,0,0,932,670,270,1.2,3.925136397
114,0,0,932,670,180,0.857142857,3.885678785
38,0,0,932,670,270,0.666666667,4.008423247
209.4,0,0,1047,806.9,360,1.375358166,3.799973262
142.5,0,0,932,594,7,0.685714286,3.410487213
190,0,0,932,670,28,1.2,3.710151355
0,0,0,1120,800,28,0.301030928,4.276526951
189.2,0,10.1,926.1,756.7,3,0.454812834,3.538056341
262.2,0,8.6,1046.9,611.8,3,0.560165975,3.360375175
106.3,0,16.5,852.1,887.1,3,0.361176471,3.508555679
106.3,0,18.6,936,803.7,3,0.356235294,3.591817515
93.8,0,23.4,852.1,992.6,3,0.3376,3.367295617
118.8,0,8.9,852.1,781.5,3,0.381263158,3.632308873
117.2,0,32.2,852.1,840.5,3,0.293816631,3.693866763
106.3,0,16.5,852.1,887.1,3,0.361176471,3.508555679
97.1,0,12.1,852.1,925.7,3,0.406330417,3.335769366
0,0,28.2,852.1,893.7,3,0.266892528,3.720862265
106.3,0,16.5,852.1,887.1,3,0.361176471,3.508555679
212.5,0,14.3,852.1,880.4,3,0.488393977,3.226843791
94.7,0,11.4,946.8,852.1,3,0.366849179,3.716007887
189,0,11.6,944.7,755.8,3,0.454771098,3.563882739
282.8,0,10.3,942.7,659.9,3,0.5678097,3.342861594
151.2,0,15.9,1134.3,605,3,0.405533597,3.353406506
189,0,11.6,944.7,755.8,3,0.454771098,3.563882739
200.9,0,11.2,1004.6,803.7,3,0.505413902,3.194582931
189,0,11.6,944.7,755.8,3,0.454771098,3.563882739
177,0,11.1,884.9,707.9,3,0.423690205,3.671224287
189,0,22,944.7,755.8,3,0.374198512,3.703767833
189,0,11.6,944.7,755.8,3,0.454771098,3.563882739
189,0,9.5,944.7,755.8,3,0.51760876,3.18221164
189.2,0,10.1,926.1,756.7,7,0.454812834,3.832979556
262.2,0,8.6,1046.9,611.8,7,0.560165975,3.756537866
106.3,0,16.5,852.1,887.1,7,0.361176471,3.895893378
106.3,0,18.6,936,803.7,7,0.356235294,3.84588296
93.8,0,23.4,852.1,992.6,7,0.3376,3.822098057
118.8,0,8.9,852.1,781.5,7,0.381263158,4.018182948
117.2,0,32.2,852.1,840.5,7,0.293816631,4.005513096
106.3,0,16.5,852.1,887.1,7,0.361176471,3.895893378
97.1,0,12.1,852.1,925.7,7,0.406330417,3.552486605
0,0,28.2,852.1,893.7,7,0.266892528,3.848017433
106.3,0,16.5,852.1,887.1,7,0.361176471,3.895893378
212.5,0,14.3,852.1,880.4,7,0.488393977,3.508555679
94.7,0,11.4,946.8,852.1,7,0.366849179,3.990833934
189,0,11.6,944.7,755.8,7,0.454771098,4.023564126
282.8,0,10.3,942.7,659.9,7,0.5678097,3.908014737
151.2,0,15.9,1134.3,605,7,0.405533597,3.852272758
189,0,11.6,944.7,755.8,7,0.454771098,4.023564126
200.9,0,11.2,1004.6,803.7,7,0.505413902,3.63758593
189,0,11.6,944.7,755.8,7,0.454771098,4.023564126
177,0,11.1,884.9,707.9,7,0.423690205,4.027135558
189,0,22,944.7,755.8,7,0.374198512,4.079061448
189,0,11.6,944.7,755.8,7,0.454771098,3.131136713
189,0,9.5,944.7,755.8,7,0.51760876,3.558200906
189.2,0,10.1,926.1,756.7,28,0.454812834,4.112347927
262.2,0,8.6,1046.9,611.8,28,0.560165975,4.091005403
106.3,0,16.5,852.1,887.1,28,0.361176471,4.099165994
106.3,0,18.6,936,803.7,28,0.356235294,4.123903104
93.8,0,23.4,852.1,992.6,28,0.3376,4.037773956
118.8,0,8.9,852.1,781.5,28,0.381263158,4.2239095
117.2,0,32.2,852.1,840.5,28,0.293816631,4.203198702
106.3,0,16.5,852.1,887.1,28,0.361176471,4.099165994
97.1,0,12.1,852.1,925.7,28,0.406330417,3.925925663
0,0,28.2,852.1,893.7,28,0.266892528,4.032468904
106.3,0,16.5,852.1,887.1,28,0.361176471,4.099165994
212.5,0,14.3,852.1,880.4,28,0.488393977,4.016382767
94.7,0,11.4,946.8,852.1,28,0.366849179,4.226833479
189,0,11.6,944.7,755.8,28,0.454771098,4.266896058
282.8,0,10.3,942.7,659.9,28,0.5678097,4.31347982
151.2,0,15.9,1134.3,605,28,0.405533597,3.955082245
189,0,11.6,944.7,755.8,28,0.454771098,4.266896058
200.9,0,11.2,1004.6,803.7,28,0.505413902,4.215085914
189,0,11.6,944.7,755.8,28,0.454771098,4.266896058
177,0,11.1,884.9,707.9,28,0.423690205,4.189654478
189,0,22,944.7,755.8,28,0.374198512,4.310798853
189,0,11.6,944.7,755.8,28,0.454771098,4.266896058
189,0,9.5,944.7,755.8,28,0.51760876,3.910020756
189.2,0,10.1,926.1,756.7,56,0.454812834,4.1494636
262.2,0,8.6,1046.9,611.8,56,0.560165975,4.17284736
106.3,0,16.5,852.1,887.1,56,0.361176471,4.163559368
106.3,0,18.6,936,803.7,56,0.356235294,4.17284736
93.8,0,23.4,852.1,992.6,56,0.3376,4.097672094
118.8,0,8.9,852.1,781.5,56,0.381263158,4.280823859
117.2,0,32.2,852.1,840.5,56,0.293816631,4.238444639
106.3,0,16.5,852.1,887.1,56,0.361176471,4.163559368
97.1,0,12.1,852.1,925.7,56,0.406330417,4.0109627
0,0,28.2,852.1,893.7,56,0.266892528,4.074141598
106.3,0,16.5,852.1,887.1,56,0.361176471,4.163559368
212.5,0,14.3,852.1,880.4,56,0.488393977,4.191168482
94.7,0,11.4,946.8,852.1,56,0.366849179,4.300002528
189,0,11.6,944.7,755.8,56,0.454771098,4.347693681
282.8,0,10.3,942.7,659.9,56,0.5678097,4.384523238
151.2,0,15.9,1134.3,605,56,0.405533597,4.005513096
189,0,11.6,944.7,755.8,56,0.454771098,4.347693681
200.9,0,11.2,1004.6,803.7,56,0.505413902,4.290322175
189,0,11.6,944.7,755.8,56,0.454771098,4.347693681
177,0,11.1,884.9,707.9,56,0.423690205,4.272490478
189,0,22,944.7,755.8,56,0.374198512,4.374498092
189,0,11.6,944.7,755.8,56,0.454771098,4.347693681
189,0,9.5,944.7,755.8,56,0.51760876,4.092509288
189.2,0,10.1,926.1,756.7,91,0.454812834,4.17284736
262.2,0,8.6,1046.9,611.8,91,0.560165975,4.198704313
106.3,0,16.5,852.1,887.1,91,0.361176471,4.177459205
106.3,0,18.6,936,803.7,91,0.356235294,4.200204688
93.8,0,23.4,852.1,992.6,91,0.3376,4.135166296
118.8,0,8.9,852.1,781.5,91,0.381263158,4.306629098
117.2,0,32.2,852.1,840.5,91,0.293816631,4.258445304
106.3,0,16.5,852.1,887.1,91,0.361176471,4.177459205
97.1,0,12.1,852.1,925.7,91,0.406330417,4.053522312
0,0,28.2,852.1,893.7,91,0.266892528,4.080921284
106.3,0,16.5,852.1,887.1,91,0.361176471,4.177459205
212.5,0,14.3,852.1,880.4,91,0.488393977,4.220976947
94.7,0,11.4,946.8,852.1,91,0.366849179,4.324132383
189,0,11.6,944.7,755.8,91,0.454771098,4.373237853
151.2,0,15.9,1134.3,605,91,0.405533597,4.034240384
189,0,11.6,944.7,755.8,91,0.454771098,4.373237853
200.9,0,11.2,1004.6,803.7,91,0.505413902,4.341204366
189,0,11.6,944.7,755.8,91,0.454771098,4.373237853
177,0,11.1,884.9,707.9,91,0.423690205,4.294560338
189,0,22,944.7,755.8,91,0.374198512,4.414009402
189,0,11.6,944.7,755.8,91,0.454771098,4.373237853
189,0,9.5,944.7,755.8,91,0.51760876,4.216561929
0,96.7,4.5,967.1,870.3,3,0.851169065,2.449279318
0,96.7,4.5,967.1,870.3,14,0.851169065,3.196630014
0,96.7,4.5,967.1,870.3,28,0.851169065,3.214465914
0,96.7,4.5,967.1,870.3,56,0.851169065,3.382693697
0,96.7,4.5,967.1,870.3,100,0.851169065,3.706473529
0,94.6,4.6,947,852.2,3,0.846449957,2.33988073
0,94.6,4.6,947,852.2,14,0.846449957,3.097385732
0,94.6,4.6,947,852.2,28,0.846449957,3.128513187
0,94.6,4.6,947,852.2,56,0.846449957,3.319987117
0,94.6,4.6,947,852.2,100,0.846449957,3.54269672
0,100.5,7.5,1006.4,905.9,3,0.850539291,2.521720464
0,100.5,7.5,1006.4,905.9,14,0.850539291,3.218475542
0,100.5,7.5,1006.4,905.9,28,0.850539291,3.247268694
0,100.5,7.5,1006.4,905.9,56,0.850539291,3.525183139
0,100.5,7.5,1006.4,905.9,100,0.850539291,3.62006491
0,125.4,7.8,1090,804,3,0.850026219,2.710713147
0,125.4,7.8,1090,804,14,0.850026219,3.047375314
0,125.4,7.8,1090,804,28,0.850026219,3.273363804
0,125.4,7.8,1090,804,56,0.850026219,3.565015242
0,125.4,7.8,1090,804,100,0.850026219,3.703028644
0,121.6,5.7,1057.6,779.3,3,0.850070721,2.5233256
0,121.6,5.7,1057.6,779.3,14,0.850070721,3.040705447
0,121.6,5.7,1057.6,779.3,28,0.850070721,3.214867601
0,121.6,5.7,1057.6,779.3,56,0.850070721,3.532225421
0,121.6,5.7,1057.6,779.3,100,0.850070721,3.679081379
0,118.3,4.6,1029.4,758.6,3,0.85,2.305580456
0,118.3,4.6,1029.4,758.6,14,0.85,2.999724106
0,118.3,4.6,1029.4,758.6,28,0.85,3.197856256
0,118.3,4.6,1029.4,758.6,56,0.85,3.451256364
0,118.3,4.6,1029.4,758.6,100,0.85,3.565015242
0,125.2,9.9,1088.1,802.6,3,0.850761955,2.2460146
0,125.2,9.9,1088.1,802.6,14,0.850761955,3.123245397
0,125.2,9.9,1088.1,802.6,28,0.850761955,3.34885069
0,125.2,9.9,1088.1,802.6,56,0.850761955,3.652215239
0,125.2,9.9,1088.1,802.6,100,0.850761955,3.698581996
0,163.3,4.5,1058.6,780.1,3,1.062612884,2.375835405
0,163.3,4.5,1058.6,780.1,14,1.062612884,3.237893626
0,163.3,4.5,1058.6,780.1,28,1.062612884,3.069911478
0,163.3,4.5,1058.6,780.1,56,1.062612884,3.354454907
0,163.3,4.5,1058.6,780.1,100,1.062612884,3.512738535
42.1,163.8,5.7,1058.7,780.1,3,0.725,2.047692714
42.1,163.8,5.7,1058.7,780.1,14,0.725,2.88032124
42.1,163.8,5.7,1058.7,780.1,28,0.725,3.18800396
42.1,163.8,5.7,1058.7,780.1,56,0.725,3.491951525
42.1,163.8,5.7,1058.7,780.1,100,0.725,3.669441529
98.1,24.5,6.9,1065.8,785.4,3,0.85025737,2.890371575
98.1,24.5,6.9,1065.8,785.4,14,0.85025737,3.414113391
98.1,24.5,6.9,1065.8,785.4,28,0.85025737,3.822316851
98.1,24.5,6.9,1065.8,785.4,56,0.85025737,3.927305381
98.1,24.5,6.9,1065.8,785.4,100,0.85025737,3.987130226
98.1,24.5,6.7,1066,785.5,3,0.849859682,2.578700366
98.1,24.5,6.7,1066,785.5,14,0.849859682,2.881442945
98.1,24.5,6.7,1066,785.5,28,0.849859682,3.694612753
98.1,24.5,6.7,1066,785.5,56,0.849859682,3.852909498
98.1,24.5,6.7,1066,785.5,100,0.849859682,3.911422579
0,118.2,6.1,1028.1,757.6,3,0.849804092,2.592265005
0,118.2,6.1,1028.1,757.6,14,0.849804092,3.105482942
0,118.2,6.1,1028.1,757.6,28,0.849804092,3.200304237
0,118.2,6.1,1028.1,757.6,56,0.849804092,3.44521405
0,118.2,6.1,1028.1,757.6,100,0.849804092,3.710151355
0,94.1,7,949.9,847,3,0.784124318,2.992225945
0,94.1,7,949.9,847,14,0.784124318,3.246101606
0,94.1,7,949.9,847,28,0.784124318,3.408834594
0,94.1,7,949.9,847,56,0.784124318,3.678576329
0,94.1,7,949.9,847,100,0.784124318,3.790984438
0,95.7,5.5,956.9,861.2,3,0.7496,2.626116653
0,95.7,5.5,956.9,861.2,14,0.7496,3.215670491
0,95.7,5.5,956.9,861.2,28,0.7496,3.374853193
0,95.7,5.5,956.9,861.2,56,0.7496,3.646232649
0,95.7,5.5,956.9,861.2,100,0.7496,3.745968185
0,100.4,8.7,1007.8,903.6,3,0.749647059,2.605648103
0,100.4,8.7,1007.8,903.6,14,0.749647059,3.269948889
0,100.4,8.7,1007.8,903.6,28,0.749647059,3.454421925
0,100.4,8.7,1007.8,903.6,56,0.749647059,3.750679618
0,100.4,8.7,1007.8,903.6,100,0.749647059,3.759337681
0,100.4,10.4,1003.8,903.8,3,0.749764817,2.590016971
0,100.4,10.4,1003.8,903.8,14,0.749764817,3.23356717
0,100.4,10.4,1003.8,903.8,28,0.749764817,3.621670476
0,100.4,10.4,1003.8,903.8,56,0.749764817,3.79323923
0,100.4,10.4,1003.8,903.8,100,0.749764817,3.865769377
0,124.8,7.8,1085.4,799.5,3,0.75,2.971439393
0,124.8,7.8,1085.4,799.5,14,0.75,3.44521405
0,124.8,7.8,1085.4,799.5,28,0.75,3.650658011
0,124.8,7.8,1085.4,799.5,56,0.75,3.808438449
0,124.8,7.8,1085.4,799.5,100,0.75,3.867443718
0,121.6,6.7,1056.4,778.5,3,0.75064711,2.736961372
0,121.6,6.7,1056.4,778.5,14,0.75064711,3.28728165
0,121.6,6.7,1056.4,778.5,28,0.75064711,3.518387427
0,121.6,6.7,1056.4,778.5,56,0.75064711,3.754198683
0,121.6,6.7,1056.4,778.5,100,0.75064711,3.825156831
0,118.3,5.8,1028.4,757.7,3,0.749801114,2.846071319
0,118.3,5.8,1028.4,757.7,14,0.749801114,3.398861107
0,118.3,5.8,1028.4,757.7,28,0.749801114,3.389461912
0,118.3,5.8,1028.4,757.7,56,0.749801114,3.610106545
0,118.3,5.8,1028.4,757.7,100,0.749801114,3.774598091
0,118.3,6.4,1028.4,757.7,3,0.749801114,2.574137621
0,118.3,6.4,1028.4,757.7,14,0.749801114,3.195811684
0,118.3,6.4,1028.4,757.7,28,0.749801114,3.486150868
0,118.3,6.4,1028.4,757.7,56,0.749801114,3.601140313
0,118.3,6.4,1028.4,757.7,100,0.749801114,3.788950769
0,167,7.6,1055.6,777.8,3,0.934950386,2.611539136
0,167,7.6,1055.6,777.8,14,0.934950386,3.072693121
0,167,7.6,1055.6,777.8,28,0.934950386,3.323956092
0,167,7.6,1055.6,777.8,56,0.934950386,3.571502361
0,167,7.6,1055.6,777.8,100,0.934950386,3.814850853
45.2,122,8.2,1059.4,780.7,3,0.935164835,1.990610202
45.2,122,8.2,1059.4,780.7,14,0.935164835,3.068052742
45.2,122,8.2,1059.4,780.7,28,0.935164835,3.442658954
45.2,122,8.2,1059.4,780.7,56,0.935164835,3.7727607
45.2,122,8.2,1059.4,780.7,100,0.935164835,3.885062579
42.2,124.3,10.8,1080.8,796.2,3,0.937240971,2.001479874
42.2,124.3,10.8,1080.8,796.2,14,0.937240971,3.157425663
42.2,124.3,10.8,1080.8,796.2,28,0.937240971,3.437850482
42.2,124.3,10.8,1080.8,796.2,56,0.937240971,3.667400191
42.2,124.3,10.8,1080.8,796.2,100,0.937240971,3.874320894
0,96.2,9.4,961.2,865,3,0.578856749,3.113515113
0,96.2,9.4,961.2,865,14,0.578856749,3.545874536
0,96.2,9.4,961.2,865,28,0.578856749,3.547891537
0,96.2,9.4,961.2,865,56,0.578856749,3.808438449
0,96.2,9.4,961.2,865,100,0.578856749,3.89120762
0,97.4,11.8,973.9,875.6,3,0.579574161,3.141562524
0,97.4,11.8,973.9,875.6,14,0.579574161,3.735046899
0,97.4,11.8,973.9,875.6,28,0.579574161,3.877017152
0,97.4,11.8,973.9,875.6,56,0.579574161,3.932609391
0,97.4,11.8,973.9,875.6,100,0.579574161,4.018902113
0,95.6,8.9,955.1,859.2,3,0.579979709,3.133317739
0,95.6,8.9,955.1,859.2,14,0.579979709,3.561897768
0,95.6,8.9,955.1,859.2,28,0.579979709,3.687378095
0,95.6,8.9,955.1,859.2,56,0.579979709,3.886089378
0,95.6,8.9,955.1,859.2,100,0.579979709,3.952012404
0,99.9,12.4,1006,899.8,3,0.580222399,3.045474173
0,99.9,12.4,1006,899.8,14,0.580222399,3.507357356
0,99.9,12.4,1006,899.8,28,0.580222399,3.524594037
0,99.9,12.4,1006,899.8,56,0.580222399,3.787366162
0,99.9,12.4,1006,899.8,100,0.580222399,3.814850853
0,98.8,12.8,987.8,889,3,0.634684866,2.731766555
0,98.8,12.8,987.8,889,14,0.634684866,3.356199804
0,98.8,12.8,987.8,889,28,0.634684866,3.429136534
0,98.8,12.8,987.8,889,56,0.634684866,3.738383413
0,98.8,12.8,987.8,889,100,0.634684866,3.933001164
0,98.8,14.2,987.8,889,3,0.57986524,3.080991923
0,98.8,14.2,987.8,889,14,0.57986524,3.744550415
0,98.8,14.2,987.8,889,28,0.57986524,3.923951329
0,98.8,14.2,987.8,889,56,0.57986524,4.022311105
0,98.8,14.2,987.8,889,100,0.57986524,4.110053597
0,125.1,12,1086.8,800.9,3,0.580632091,3.157850924
0,125.1,12,1086.8,800.9,14,0.580632091,3.742893806
0,125.1,12,1086.8,800.9,28,0.580632091,3.96081292
0,125.1,12,1086.8,800.9,56,0.580632091,4.099663465
0,125.1,12,1086.8,800.9,100,0.580632091,4.195997951
0,121.4,9.9,1053.6,777.5,3,0.579789168,3.169685381
0,121.4,9.9,1053.6,777.5,14,0.579789168,3.657646521
0,121.4,9.9,1053.6,777.5,28,0.579789168,3.938275128
0,121.4,9.9,1053.6,777.5,56,0.579789168,4.040415965
0,121.4,9.9,1053.6,777.5,100,0.579789168,4.070905074
0,117.5,9.5,1022.8,753.5,3,0.588156124,3.086942959
0,117.5,9.5,1022.8,753.5,14,0.588156124,3.610647378
0,117.5,9.5,1022.8,753.5,28,0.588156124,3.858621985
0,117.5,9.5,1022.8,753.5,56,0.588156124,3.950473943
0,117.5,9.5,1022.8,753.5,100,0.588156124,4.038479175
0,174.7,10.2,1053.5,776.4,3,0.724379972,2.866192721
0,174.7,10.2,1053.5,776.4,14,0.724379972,3.518387427
0,174.7,10.2,1053.5,776.4,28,0.724379972,3.692622207
0,174.7,10.2,1053.5,776.4,56,0.724379972,3.8424583
0,174.7,10.2,1053.5,776.4,100,0.724379972,3.91362148
0,174.2,11.7,1052.3,775.5,3,0.72412178,2.8547444
0,174.2,11.7,1052.3,775.5,14,0.72412178,3.517497615
0,174.2,11.7,1052.3,775.5,28,0.72412178,3.827335956
0,174.2,11.7,1052.3,775.5,56,0.72412178,3.940221411
0,174.2,11.7,1052.3,775.5,100,0.72412178,4.082609048
97.8,24.5,11.2,1061.7,782.5,3,0.57972583,3.416085779
97.8,24.5,11.2,1061.7,782.5,14,0.57972583,3.865140776
97.8,24.5,11.2,1061.7,782.5,28,0.57972583,4.145354222
97.8,24.5,11.2,1061.7,782.5,56,0.57972583,4.202002172
97.8,24.5,11.2,1061.7,782.5,100,0.57972583,4.203945807
54.6,123.8,11.9,1075.7,792.7,3,0.64527956,3.311272465
54.6,123.8,11.9,1075.7,792.7,14,0.64527956,3.582406984
54.6,123.8,11.9,1075.7,792.7,28,0.64527956,4.016562931
54.6,123.8,11.9,1075.7,792.7,56,0.64527956,4.126972821
54.6,123.8,11.9,1075.7,792.7,100,0.64527956,4.151511973
53.8,121.9,9.6,1014.3,780.6,3,0.724057701,2.89148207
53.8,121.9,9.6,1014.3,780.6,14,0.724057701,3.653252046
53.8,121.9,9.6,1014.3,780.6,28,0.724057701,3.955082245
53.8,121.9,9.6,1014.3,780.6,56,0.724057701,3.98824278
53.8,121.9,9.6,1014.3,780.6,100,0.724057701,4.036538625
0,124.1,11.3,1078.7,794.9,3,0.72407492,2.730463624
0,124.1,11.3,1078.7,794.9,14,0.72407492,3.260017562
0,124.1,11.3,1078.7,794.9,28,0.72407492,3.408503742
0,124.1,11.3,1078.7,794.9,56,0.72407492,3.618188485
0,124.1,11.3,1078.7,794.9,100,0.72407492,3.833628696
0,0,0,1003.5,762.4,3,0.570744681,2.789937185
0,0,0,1003.5,762.4,14,0.570744681,3.243373092
0,0,0,1003.5,762.4,28,0.570744681,3.464797744
0,0,0,1003.5,762.4,56,0.570744681,3.591817515
0,0,0,1003.5,762.4,100,0.570744681,3.762594254
0,0,4,966,853,28,0.28,4.213163832
0,59,1.9,1098,641,28,0.298947368,4.047077981
137,0,5.9,1130,745,28,0.46031746,4.403665532
0,60,0,1030,630,28,0.386138614,4.159195272
0,0,11.3,1030,745,28,0.365853659,4.366912721
0,0,8.2,801,802,28,0.313953488,3.722555746
0,0,5.2,855,855,28,0.326923077,4.099000115
0,0,6.9,920,720,28,0.350378788,4.0400641
0,0,5.2,870,805,28,0.336538462,3.932217465
0,136,20,903,768,28,0.41038961,4.017283263
0,0,3,1124.4,613.2,28,0.399920016,3.787139584
50,0,3,1124.4,613.2,28,0.444345701,3.673257841
17.2,158,20.8,967,633,28,0.420654912,4.019081824
17.5,163,17.9,996,652,28,0.501501502,3.85608713
17.6,158,15.3,967,633,28,0.565868263,3.791661409
0,0,0,1120,695,28,0.432098765,3.956996121
200,0,0,1145,660,28,0.95,3.896909122
0,0,8.3,801,802,28,0.313953488,3.722555746
116,119,5.7,833,880,28,1.268965517,3.372797694
128,122,6.4,824,879,28,1.1375,3.673765584
156,0,5.9,981,760,28,0.807692308,3.671224287
180,95,9.5,860,800,28,0.636,4.217593845
0,0,9.5,1044,662,28,0.341052632,4.069368319
190,0,7.6,1031,685,28,0.571929825,3.981175613
119,0,9,1061,657,28,0.449438202,4.077537187
180,120,10.4,830,765,28,0.589090909,4.333885986
0,0,9,1033,655,28,0.302,4.246206644
0,143.6,0,1005.6,900.9,3,0.992727273,2.667228038
128.5,132.1,8.1,1005.8,746.6,3,1.061212121,2.966303276
129.8,118.6,3.6,1007.3,746.8,3,1.010674157,3.031581735
129.9,128.6,7.8,1006.3,746.6,3,1.048387097,2.704042009
13.6,172.4,4.1,1006.3,856.4,3,0.909512761,3.058237286
50.1,173.5,6.5,1006.2,793.5,3,0.949855908,3.138966244
75.4,167,7.9,1007.3,770.1,3,0.982035928,2.742129342
93.4,159.9,9.7,1007.2,746.6,3,0.99136939,2.761274788
0,125.2,9.9,1079,798.9,3,0.8754598,2.529720506
0,95.7,5.3,948.9,857.2,3,0.7672,2.138888865
0,174.2,11.7,1043.6,771.9,3,0.745667447,2.747911561
0,100.5,7.5,998,901.8,3,0.874165383,2.499795105
0,118.3,5.8,1043.6,754.3,3,0.767303103,2.483238436
0,143.6,0,1005.6,900.9,14,0.992727273,2.826129311
128.5,132.1,8.1,1005.8,746.6,14,1.061212121,3.499230901
129.8,118.6,3.6,1007.3,746.8,14,1.010674157,3.533394328
129.9,128.6,7.8,1006.3,746.6,14,1.048387097,3.459780487
13.6,172.4,4.1,1006.3,856.4,14,0.909512761,3.392828918
50.1,173.5,6.5,1006.2,793.5,14,0.949855908,3.496810325
75.4,167,7.9,1007.3,770.1,14,0.982035928,3.493472437
93.4,159.9,9.7,1007.2,746.6,14,0.99136939,3.38608353
0,125.2,9.9,1079,798.9,14,0.8754598,2.966303276
0,95.7,5.3,948.9,857.2,14,0.7672,3.205182295
0,174.2,11.7,1043.6,771.9,14,0.745667447,3.387436253
0,100.5,7.5,998,901.8,14,0.874165383,3.189652765
0,118.3,5.8,1043.6,754.3,14,0.767303103,3.031581735
0,143.6,0,1005.6,900.9,28,0.992727273,3.265759205
128.5,132.1,8.1,1005.8,746.6,28,1.061212121,3.837083677
129.8,118.6,3.6,1007.3,746.8,28,1.010674157,3.667655586
129.9,128.6,7.8,1006.3,746.6,28,1.048387097,3.718438022
13.6,172.4,4.1,1006.3,856.4,28,0.909512761,3.517200835
50.1,173.5,6.5,1006.2,793.5,28,0.949855908,3.642835286
75.4,167,7.9,1007.3,770.1,28,0.982035928,3.723522163
93.4,159.9,9.7,1007.2,746.6,28,0.99136939,3.632573389
0,125.2,9.9,1079,798.9,28,0.8754598,3.21285755
0,95.7,5.3,948.9,857.2,28,0.7672,3.303951789
0,174.2,11.7,1043.6,771.9,28,0.745667447,3.798630078
0,100.5,7.5,998,901.8,28,0.874165383,3.618188485
0,118.3,5.8,1043.6,754.3,28,0.767303103,3.504655869
0,143.6,0,1005.6,900.9,56,0.992727273,3.598954519
128.5,132.1,8.1,1005.8,746.6,56,1.061212121,3.98378512
129.8,118.6,3.6,1007.3,746.8,56,1.010674157,3.883417503
129.9,128.6,7.8,1006.3,746.6,56,1.048387097,3.945844305
13.6,172.4,4.1,1006.3,856.4,56,0.909512761,3.579343341
50.1,173.5,6.5,1006.2,793.5,56,0.949855908,3.984715439
75.4,167,7.9,1007.3,770.1,56,0.982035928,3.97893346
93.4,159.9,9.7,1007.2,746.6,56,0.99136939,3.89161595
0,125.2,9.9,1079,798.9,56,0.8754598,3.456947179
0,95.7,5.3,948.9,857.2,56,0.7672,3.679838477
0,174.2,11.7,1043.6,771.9,56,0.745667447,3.936910472
0,100.5,7.5,998,901.8,56,0.874165383,3.770228762
0,118.3,5.8,1043.6,754.3,56,0.767303103,3.670460637
0,143.6,0,1005.6,900.9,100,0.992727273,3.636532744
128.5,132.1,8.1,1005.8,746.6,100,1.061212121,4.007696503
129.8,118.6,3.6,1007.3,746.8,100,1.010674157,3.911822739
129.9,128.6,7.8,1006.3,746.6,100,1.048387097,3.982667594
13.6,172.4,4.1,1006.3,856.4,100,0.909512761,3.629129221
50.1,173.5,6.5,1006.2,793.5,100,0.949855908,4.026422292
75.4,167,7.9,1007.3,770.1,100,0.982035928,4.039712112
93.4,159.9,9.7,1007.2,746.6,100,0.99136939,3.930648222
0,125.2,9.9,1079,798.9,100,0.8754598,3.51333466
0,95.7,5.3,948.9,857.2,100,0.7672,3.717466676
0,174.2,11.7,1043.6,771.9,100,0.745667447,3.969536661
0,100.5,7.5,998,901.8,100,0.874165383,3.790532869
0,118.3,5.8,1043.6,754.3,100,0.767303103,3.692622207
24,79,11.6,967,712,28,0.3632287,4.04357719
24,79,11.6,967,712,28,0.3632287,3.793689579
24,79,11.6,967,712,28,0.3632287,3.932217465
24,79,10.3,967,712,28,0.3632287,3.977623211
24,79,11.6,967,712,3,0.3632287,3.565581013
24,79,11.6,967,712,3,0.3632287,3.219675302
24,79,11.6,967,712,3,0.3632287,3.150596785
24,79,11.6,967,712,7,0.3632287,3.951435758
24,79,11.6,967,712,7,0.3632287,3.638112107
24,79,11.6,967,712,7,0.3632287,3.671224287
24,79,11.6,967,712,56,0.3632287,4.112020488
24,79,11.6,967,712,56,0.3632287,4.027848317
24,79,11.6,967,712,56,0.3632287,4.011868087
24,79,10.3,967,712,56,0.3632287,4.003142346
20,94,14.3,938,845,28,0.405684755,3.916811275
20,94,13.9,938,845,28,0.405684755,3.843315565
20,94,11.6,938,845,28,0.405684755,3.843315565
20,94,14.3,938,845,3,0.405684755,3.124564948
20,94,13.9,938,845,3,0.405684755,3.239070328
20,94,11.6,938,845,3,0.405684755,3.548754722
20,94,14.3,938,845,7,0.405684755,3.606583984
20,94,13.9,938,845,7,0.405684755,3.826464876
20,94,11.6,938,845,7,0.405684755,3.72978121
20,94,14.3,938,845,56,0.405684755,4.031404508
20,94,13.9,938,845,56,0.405684755,3.870575571
20,94,11.6,938,845,56,0.405684755,4.118386297
19,97,13.1,967,871,28,0.408450704,3.784870981
19,97,12.3,967,871,28,0.408450704,4.01548146
26,123,3.9,882,699,28,0.427698574,4.017283263
26,123,3.9,822,699,28,0.409368635,4.059062492
26,123,3.9,882,699,3,0.427698574,3.242982696
26,123,3.9,882,699,7,0.427698574,3.511246665
26,123,3.9,882,699,56,0.427698574,4.087487517
26,123,3.9,822,699,3,0.409368635,3.38608353
26,123,3.9,822,699,7,0.409368635,3.635478448
26,123,3.9,822,699,56,0.409368635,4.124873507
22,132,8.5,822,750,28,0.419811321,4.127940251
22,132,8.5,882,750,3,0.419811321,3.466048135
22,132,8.9,822,750,28,0.396226415,4.278053774
22,132,8.5,822,750,7,0.419811321,3.663561415
22,132,8.5,822,750,56,0.419811321,4.185098661
22,132,8.9,822,750,3,0.396226415,3.469167289
22,132,8.9,822,750,7,0.396226415,3.696103066
22,132,8.9,822,750,56,0.396226415,4.308917891
11,141,1.7,942,801,28,1.01980198,3.089677691
11,141,1.7,942,801,3,1.01980198,2.287471311
11,141,1.7,942,801,7,1.01980198,2.712705841
11,141,1.7,942,801,56,1.01980198,3.146304933
15,141,5.5,842,801,28,0.63028169,3.778034127
15,141,5.5,842,801,3,0.63028169,2.595254543
15,141,5.5,842,801,7,0.63028169,3.183455679
15,141,5.5,842,801,56,0.63028169,3.795938287
19,141,10.9,942,801,28,0.428969359,4.14218163
19,141,10.9,942,801,28,0.428969359,4.085807973
19,141,10.9,942,801,3,0.428969359,3.223664138
19,141,10.9,942,801,3,0.428969359,3.162939993
19,141,10.9,942,801,7,0.428969359,3.576550043
19,141,10.9,942,801,7,0.428969359,3.65351108
19,141,10.9,942,801,56,0.428969359,4.23047647
19,141,10.9,942,801,56,0.428969359,4.201403369
0,0,0,838.4,719.7,28,0.5,3.171784017
0,0,0,913.2,895.3,90,0.664359862,3.467920795
0,0,0,913.2,895.3,3,0.664359862,2.455306025
0,0,0,940.6,785.6,3,0.488549618,2.954910093
0,0,0,940.6,785.6,90,0.488549618,3.888754133
0,0,0,940.6,785.6,28,0.488549618,3.678828886
0,0,0,936.2,712.2,28,0.4,3.782824828
0,0,0,936.2,712.2,7,0.4,3.54298603
0,0,0,936.2,712.2,90,0.4,3.994892231
0,0,0,936.2,712.2,3,0.4,3.194582931
0,0,0,931.2,842.6,3,0.576576577,2.748551971
0,0,0,889.8,945,90,0.752941176,3.084658288
0,0,0,889.8,945,7,0.752941176,2.324346438
0,0,0,913.2,895.3,7,0.664359862,2.68102136
0,0,0,889.8,945,28,0.752941176,2.931193567
0,0,0,931.2,842.6,28,0.576576577,3.464797744
0,0,0,931.2,842.6,7,0.576576577,3.152735823
0,0,0,913.2,895.3,28,0.664359862,3.241419585
0,0,0,931.2,842.6,90,0.576576577,3.730021162
0,0,0,940.6,785.6,7,0.488549618,3.322875205
0,0,0,889.8,945,3,0.752941176,2.104134021
238.2,0,0,1040.6,734.3,7,1.169395466,2.263844122
359.4,0,0,941.6,664.3,7,0.775041736,3.235536062
158.8,0,0,1040.6,734.3,7,0.779596977,2.753023393
272.8,0,0,1012.4,714.3,28,1.020890599,3.330059144
290.2,0,0,998.2,704.3,28,0.959689922,3.485231891
170.3,0,0,1026.6,724.3,7,0.726810176,2.847232086
181.9,0,0,1012.4,714.3,7,0.680718475,2.984165449
359.4,0,0,941.6,664.3,28,0.775041736,3.674780298
147.2,0,0,1055,744.3,28,0.841032609,3.248434422
0,0,0,1040.6,734.3,28,0.467758186,3.498928649
0,0,0,1047.8,739.3,7,0.485490196,3.180966051
316.1,0,0,977,689.3,7,0.881347888,3.082826786
238.2,0,0,1040.6,734.3,28,1.169395466,3.047850035
0,0,0,1091.4,769.3,7,0.627789047,2.697326068
170.3,0,0,1026.6,724.3,28,0.726810176,3.467296965
135.7,0,0,1076.2,759.3,7,0.912530713,2.481567592
0,0,0,1040.6,734.3,7,0.467758186,3.236715539
0,0,0,1104.6,784.3,28,0.486890404,3.11307057
0,0,0,1091.4,769.3,28,0.627789047,3.227637127
342.1,0,0,955.8,674.3,28,0.814473684,3.681350955
147.2,0,0,1055,744.3,7,0.841032609,2.571848418
210.7,0,0,977,689.3,28,0.587472319,3.655839369
203.5,0,0,1076.2,759.3,7,1.368459838,2.016235339
0,0,0,1118.8,789.3,28,0.779924402,2.866761711
0,0,0,1069.2,754.3,7,0.547464623,3.053057148
203.5,0,0,1076.2,759.3,28,1.368459838,2.901421411
290.2,0,0,998.2,704.3,7,0.959689922,2.844909204
135.7,0,0,1076.2,759.3,28,0.912530713,3.119276263
193.5,0,0,998.2,704.3,7,0.639903515,3.084658288
272.8,0,0,1012.4,714.3,7,1.020890599,2.515274028
155.5,0,0,1026.6,724.3,28,1.090428655,3.247657421
316.1,0,0,977,689.3,28,0.881347888,3.632573389
342.1,0,0,955.8,674.3,7,0.814473684,3.087399267
193.5,0,0,998.2,704.3,28,0.639903515,3.497718728
0,0,0,1104.6,784.3,7,0.486890404,2.676903303
158.8,0,0,1040.6,734.3,28,0.779596977,3.292497757
124.1,0,0,1083.4,764.3,7,0.997314715,2.07944141
0,0,0,1069.2,754.3,28,0.547464623,3.462605791
0,0,0,1118.8,789.3,7,0.779924402,2.336019722
0,0,0,1111.6,784.3,28,0.735445545,2.984165449
0,0,0,1047.8,739.3,28,0.485490196,3.622739423
0,0,0,1111.6,784.3,7,0.735445545,2.440606237
210.7,0,0,977,689.3,7,0.587472319,3.196220933
124.1,0,0,1083.4,764.3,28,0.997314715,2.867898721
155.5,0,0,1026.6,724.3,7,1.090428655,2.373043407
181.9,0,0,1012.4,714.3,28,0.680718475,3.44617053
0,0,0,968,781,3,0.581120944,2.581730671
0,0,0,968,781,7,0.581120944,3.043092653
0,0,0,968,781,14,0.581120944,3.297317043
0,0,0,968,781,28,0.581120944,3.466984903
0,0,0,968,781,90,0.581120944,3.560193222
0,0,0,968,781,180,0.581120944,3.595941232
0,0,0,968,781,365,0.581120944,3.660736917
0,0,0,968,885,3,0.822033898,1.867175991
0,0,0,968,885,14,0.822033898,2.552565137
0,0,0,968,885,28,0.822033898,2.913436847
0,0,0,968,885,90,0.822033898,3.088766945
0,0,0,968,885,180,0.81779661,3.18221164
0,0,0,968,885,365,0.81779661,3.222070512
0,0,0,968,856,14,0.689530686,3.05682718
0,0,0,968,856,28,0.689530686,3.25694182
0,0,0,968,856,3,0.689530686,2.43009826
0,0,0,968,856,90,0.689530686,3.442019159
0,0,0,968,856,180,0.689530686,3.475995372
0,0,0,968,856,360,0.689530686,3.517497615
0,0,0,968,863,3,0.779527559,2.23108895
0,0,0,968,863,90,0.779527559,3.293611963
0,0,0,968,863,180,0.779527559,3.318901929
0,0,0,968,863,365,0.779527559,3.394172553
0,0,0,968,812,180,0.628664495,3.540669204
0,0,0,968,812,365,0.628664495,3.587676722
0,0,0,968,812,3,0.628664495,2.528923376
0,0,0,968,812,28,0.628664495,3.31527611
0,0,0,968,812,90,0.628664495,3.494080155
0,0,0,968,885,7,0.81779661,2.301584447
0,0,0,1125,845,7,0.9,2.059238704
0,0,0,1125,845,28,0.9,2.505525779
0,0,0,1113,833,7,0.804444444,2.413231461
0,0,0,1113,833,28,0.804444444,2.853015791
0,0,0,1063,783,7,0.566153846,2.864483806
0,0,0,1063,783,28,0.566153846,3.42001892
0,0,0,1088,808,7,0.665454545,2.653241797
0,0,0,1088,808,28,0.665454545,3.198672916
0,0,0,1075,795,7,0.613333333,2.745987867
0,0,0,1075,795,28,0.613333333,3.290265613
0,0,0,1038,758,7,0.496,3.260401366
0,0,0,1038,758,28,0.496,3.643097032
0,0,0,1025,745,28,0.4675,3.777347864
0,0,0,1025,745,7,0.4675,3.405852978
0,0,0,1100,820,7,0.728,2.543961252
0,0,0,1100,820,28,0.728,3.038312529
0,0,0,1050,770,7,0.531428571,3.009634989
0,0,0,1050,770,28,0.531428571,3.534853543
305.3,0,0,963.4,630,7,1,2.972463459
166.8,0,0,977.6,694.1,90,0.813349321,3.865140776
236,0,0,935.4,781.2,90,1.222929936,3.769998267
212,0,0,971.8,748.5,28,1.44019816,3.397523762
250.2,0,0,975.6,692.6,3,1.220023981,1.93152129
183.9,0,0,958.2,800.1,90,1.659869494,3.502248405
122.6,0,0,959.2,800,3,1.106579663,1.589235105
153,0,0,887,942,3,1.882352941,1.519513109
153,0,0,887,942,90,1.882352941,3.237108389
183.9,0,0,958.2,800.1,28,1.659869494,3.190064542
250.2,0,0,975.6,692.6,28,1.220023981,3.524888632
133,0,0,965.4,806.2,3,0.96,2.43449001
162.4,0,0,938.2,849,28,1.879039705,3.02480533
203.5,0,0,965.4,631,7,0.666557484,3.253856588
162.4,0,0,938.2,849,90,1.879039705,3.375195366
173,0,0,909.8,891.9,90,1.655172414,3.434631941
212,0,0,971.8,748.5,7,1.44019816,2.340843657
236,0,0,935.4,781.2,28,1.222929936,3.516309967
200,0,0,927.4,839.2,28,1.443609023,3.327550632
166.8,0,0,977.6,694.1,7,0.813349321,2.962692233
116,0,0,946.8,856.8,7,1.10982659,2.432735624
288,0,0,929.8,716.1,3,1,2.548663455
288,0,0,929.8,716.1,28,1,3.671733064
102,0,0,888,943.1,3,1.254901961,1.564440448
192,0,0,932,717.8,3,0.666666667,2.779440022
203.5,0,0,965.4,631,28,0.666557484,3.769998267
157,0,0,972.6,749.1,7,0.813559322,3.016514622
116,0,0,946.8,856.8,3,1.10982659,1.937301652
141.3,0,0,973.4,750,7,0.95990566,2.710048033
157,0,0,972.6,749.1,3,0.813559322,2.607861309
122.6,0,0,959.2,800,90,1.106579663,3.482162521
250.2,0,0,975.6,692.6,7,1.220023981,2.756840191
153,0,0,887,942,7,1.882352941,2.038619419
192,0,0,932,717.8,28,0.666666667,3.658420016
141.3,0,0,973.4,750,28,0.95990566,3.496507341
153,0,0,887,942,28,1.882352941,2.849549584
116,0,0,946.8,856.8,28,1.10982659,3.189652765
122.6,0,0,959.2,800,28,1.106579663,3.180134796
200,0,0,927.4,839.2,90,1.443609023,3.599774752
288,0,0,929.8,716.1,90,1,3.926517204
200,0,0,927.4,839.2,7,1.443609023,2.614471689
203.5,0,0,965.4,631,3,0.666557484,2.649007493
157,0,0,972.6,749.1,90,0.813559322,3.866606898
162.4,0,0,938.2,849,3,1.879039705,0.845868214
236,0,0,935.4,781.2,7,1.222929936,2.826721552
192,0,0,932,717.8,7,0.666666667,3.157850924
141.3,0,0,973.4,750,3,0.95990566,1.918391999
141.3,0,0,973.4,750,90,0.95990566,3.681350955
102,0,0,888,943.1,28,1.254901961,2.888146881
157,0,0,972.6,749.1,28,0.813559322,3.49286435
173,0,0,909.8,891.9,28,1.655172414,3.106826125
122.6,0,0,959.2,800,7,1.106579663,2.378619629
162.4,0,0,938.2,849,7,1.879039705,2.043814235
305.3,0,0,963.4,630,28,1,3.730021162
305.3,0,0,963.4,630,3,1,2.257587585
200,0,0,927.4,839.2,3,1.443609023,1.92861853
192,0,0,932,717.8,90,0.666666667,3.922566972
133,0,0,965.4,806.2,7,0.96,2.843163495
133,0,0,965.4,806.2,28,0.96,3.415757317
166.8,0,0,977.6,694.1,3,0.813349321,2.275213753
183.9,0,0,958.2,800.1,3,1.659869494,1.199964707
102,0,0,888,943.1,90,1.254901961,3.2703289
133,0,0,965.4,806.2,90,0.96,3.766996996
173,0,0,909.8,891.9,3,1.655172414,1.837369865
116,0,0,946.8,856.8,90,1.10982659,3.468855811
166.8,0,0,977.6,694.1,28,0.813349321,3.609836019
203.5,0,0,965.4,631,90,0.666557484,4.00003363
288,0,0,929.8,716.1,7,1,3.067122076
236,0,0,935.4,781.2,3,1.222929936,2.271094283
102,0,0,888,943.1,7,1.254901961,2.12465375
212,0,0,971.8,748.5,90,1.44019816,3.680342891
173,0,0,909.8,891.9,7,1.655172414,2.311544688
212,0,0,971.8,748.5,3,1.44019816,1.574846368
183.9,0,0,958.2,800.1,7,1.659869494,2.336986372
250.2,0,0,975.6,692.6,90,1.220023981,3.774368602
305.3,0,0,963.4,630,90,1,3.948547531
0,0,0,1012,830,3,0.619354839,2.472327712
0,0,0,1012,830,7,0.619354839,2.847232086
0,0,0,1012,830,28,0.619354839,3.326114366
0,0,0,1012,830,90,0.619354839,3.576829725
0,0,0,1012,830,120,0.619354839,3.655839369
0,0,0,1025,821,3,0.580060423,2.660958426
0,0,0,1025,821,7,0.580060423,2.858766238
0,0,0,1025,821,28,0.580060423,3.457577497
0,0,0,1025,821,90,0.580060423,3.6352147
0,0,0,1025,821,120,0.580060423,3.673257841
0,0,0,1056,809,3,0.550143266,2.76443036
0,0,0,1056,809,7,0.550143266,2.198334933
0,0,0,1056,809,28,0.550143266,3.51482342
0,0,0,1056,809,90,0.550143266,3.705244574
0,0,0,1056,809,120,0.550143266,3.710151355
0,0,0,1119,789,7,0.781512605,2.489064503
0,0,0,1119,789,28,0.781512605,2.864483806
0,0,0,1090,769,7,0.628378378,2.939690697
0,0,0,1090,769,28,0.628378378,3.226049825
0,0,0,1040,734,7,0.626262626,3.432695832
0,0,0,936,721,28,0.4,3.781686265
0,0,0,936,721,90,0.4,3.994155583
0,0,0,1040,734,28,0.468513854,3.609294747
0,0,0,1104,774,7,0.661921708,2.674148481
0,0,0,1104,774,28,0.658362989,3.110844884
0,0,0,1125,613,1,0.4,2.536866229
0,0,0,1125,613,3,0.4,3.260401366
0,0,0,1125,613,7,0.4,3.502850814
0,0,0,1125,613,14,0.4,3.609294747
0,0,0,1125,613,28,0.4,3.78623276
0,0,0,1125,613,7,0.32037037,3.962905966
0,0,0,1125,613,14,0.32037037,4.090336283
0,0,0,1125,613,28,0.32037037,4.209308548
0,0,0,1125,613,90,0.32037037,4.243625997
0,0,0,1125,613,180,0.32037037,4.271374095
0,0,0,1125,613,270,0.32037037,4.306359484
0,0,0,974,775,7,0.58,2.897567842
0,0,0,974,775,14,0.58,3.114847558
0,0,0,974,775,28,0.58,3.308350623
0,0,0,974,775,56,0.58,3.400530278
0,0,0,974,775,90,0.58,3.44521405
0,0,0,974,775,180,0.58,3.487986292
0,0,0,966,763,1,0.483116883,1.835776239
0,0,0,966,763,3,0.483116883,2.687847324
0,0,0,966,763,7,0.483116883,3.145013778
0,0,0,966,763,14,0.483116883,3.329343068
0,0,0,966,763,28,0.483116883,3.44521405
0,0,0,978,825,180,0.580060423,3.663561415
0,0,0,978,825,360,0.580060423,3.719408424
0,0,0,1047,806,3,0.550143266,2.707383141
0,0,0,978,825,3,0.580060423,2.604169906
0,0,0,1047,739,7,0.486910995,3.17805363
0,0,0,1047,739,28,0.486910995,3.622205092
0,0,0,1111,784,7,0.486910995,2.439734777
0,0,0,1104,774,28,0.661921708,3.110844884
0,0,0,1069,754,7,0.545722714,3.052112414
0,0,0,1069,754,28,0.545722714,3.460723143
0,0,0,1069,769,7,0.627118644,2.694627011
0,0,0,1069,769,28,0.627118644,3.226049825
0,0,0,1118,789,28,0.777310924,2.864483806
0,0,0,1085,765,7,0.648648649,2.653241797
0,0,0,1085,765,28,0.648648649,3.07500526
0,0,0,1085,765,90,0.648648649,3.380654267
0,0,0,879,825,3,0.580060423,2.604169906
0,0,0,978,825,7,0.580060423,2.788707928
0,0,0,978,825,28,0.580060423,3.448398766
0,0,0,978,825,90,0.580060423,3.61711466
0,0,0,1047,806,7,0.550143266,2.897567842
0,0,0,1047,806,28,0.550143266,3.487986292
0,0,0,1047,806,90,0.550143266,3.676047243
0,0,0,1047,806,180,0.550143266,3.714790601
0,0,0,1047,806,360,0.550143266,3.74075984
0,0,0,974,817,14,0.67218543,2.897567842
0,0,0,974,817,180,0.67218543,3.286160364
0,0,0,1125,613,180,0.36,4.125842969
0,0,0,1125,613,90,0.4,3.854817288
0,0,0,1125,613,180,0.4,3.932609391
0,0,0,1125,613,270,0.4,4.0102378
0,0,0,1125,613,3,0.32037037,3.729061008
0,0,0,1111,784,7,0.734126984,2.618125328
0,0,0,1111,784,28,0.734126984,2.980110705
0,0,0,1060,754,28,0.545722714,3.454737931
0,0,0,940,758,3,0.488549618,2.950211572
0,0,0,940,758,28,0.488549618,3.678323708
0,0,0,940,758,90,0.488549618,3.887525129
0,0,0,1047,739,7,0.484293194,3.17805363
0,0,0,1047,739,28,0.484293194,3.622205092
0,0,0,1111,784,7,0.738095238,2.439734777
0,0,0,1111,784,28,0.734126984,2.980110705
0,0,0,970,850,7,0.619354839,2.707383141
0,0,0,970,850,28,0.619354839,3.329343068
0,0,0,970,850,90,0.619354839,3.546162928
0,0,0,970,850,180,0.619354839,3.619797064
0,0,0,970,850,360,0.619354839,3.640476485
0,0,0,1125,613,3,0.36,3.52046058
0,0,0,1125,613,7,0.36,3.747619713
0,0,0,1125,613,14,0.36,3.879499569
0,0,0,1125,613,28,0.36,4.024279434
0,0,0,1125,613,90,0.36,4.073801404
0,0,0,1125,613,270,0.36,4.206332799
0,0,0,974,800,14,0.630434783,3.033509446
0,0,0,974,800,28,0.630434783,3.226049825
0,0,0,974,800,180,0.630434783,3.387436253
0,0,0,974,817,28,0.67218543,3.079613563
0,0,0,1040,734,28,0.465994962,3.665866448
0,0,0,936,721,3,0.4,3.194173011
0,0,0,896,896,7,0.279693487,3.922171089
0,0,0,896,896,28,0.279693487,4.317354499
105,82,9,904,680,28,0.769230769,3.615501756
190,148,19,838,741,28,1.104938272,3.519276448
144,112,10,923,658,28,1.428571429,2.803360204
115,89,9,860,829,28,1.37414966,2.995231959
178,139,18,944,695,28,1.105263158,3.593193977
143,111,22,914,651,28,0.541935484,3.517200835
0,175,18,943,844,28,1.097222222,2.735665195
140,0,6,895,722,28,0.703947368,3.509154302
0,0,7,1013,730,28,0.50802139,3.664842645
149,116,15,953,720,28,1.100628931,3.320709921
239,0,6,1002,684,28,1.307189542,3.290637983
143,0,10,914,804,28,0.541935484,3.813306792
0,100,10,959,705,28,0.642622951,3.405189188
0,184,12,991,772,28,1.105960265,2.745345813
167,130,11,883,785,28,1.225352113,3.797957809
137,107,6,878,655,28,0.674496644,3.980055165
164,0,5,870,774,28,0.591900312,4.046728453
187,0,7,824,757,28,0.521857923,4.188289911
129,100,9,825,805,28,0.614285714,3.966889657
97,76,8,835,821,28,0.76984127,3.508555679
0,150,12,1023,729,28,1.103030303,2.892036855
243,0,11,1022,698,28,1.153846154,3.620600385
188,146,11,829,710,28,1.26875,3.491647064
0,107,6,879,815,28,0.624161074,3.752792543
0,126,6,861,737,28,0.660377358,3.690378097
121,94,9,904,696,28,0.655052265,3.73623979
166,0,9,882,790,28,0.533742331,4.114637006
0,142,11,801,778,28,0.542134831,3.710396063
207,161,5,867,736,28,1.356060606,3.505557176
149,0,8,951,709,28,0.577639752,3.959287948
0,200,13,849,846,28,1.103658537,2.714032102
0,113,10,925,783,28,0.541401274,3.64961851
0,128,11,870,780,28,0.566978193,3.617920137
164,128,6,869,656,28,1.692857143,3.561897768
121,0,7,908,829,28,0.614583333,3.74075984
0,107,11,880,744,28,0.704697987,3.46166491
111,86,6,833,790,28,0.735849057,3.726656583
250,0,12,1049,688,28,1.05,3.675033815
260,0,13,859,827,28,1.102409639,3.6352147
116,90,9,870,768,28,0.652173913,3.790532869
0,116,10,818,813,28,0.608695652,3.439776647
139,109,6,892,780,28,1.295302013,3.165052818
187,0,11,990,789,28,1.106918239,3.489208039
100,78,9,864,761,28,0.770114943,3.478158203
92,71,6,853,695,28,1.042194093,3.354454907
0,113,8,1002,689,28,0.568690096,3.605497618
183,0,9,1047,697,28,1.24516129,2.905807383
230,0,3,827,872,28,1.383561644,3.498323872
0,107,11,819,778,28,0.746621622,3.447444415
210,0,3,949,795,28,1.473684211,3.434954262
145,0,8,867,824,28,0.568690096,3.793013979
0,112,8,992,816,28,1.210526316,2.499795105
145,113,8,1002,689,28,1.163398693,3.241028425
133,103,7,916,753,28,1.428571429,3.595666845
236,0,13,847,893,28,1.181208054,3.495294484
0,120,10,878,728,28,0.706666667,3.171364642
145,113,8,867,824,28,1.163398693,3.266903588
0,137,16,1002,830,28,1.067567568,2.887589933
0,138,11,801,792,28,0.610429448,3.705736337
145,0,8,1000,822,28,1.163398693,2.944964971
111,86,5,895,733,28,0.744274809,3.518090911
0,195,11,898,713,28,1.392405063,2.144760872
0,185,16,1074,678,28,1.105960265,2.59972216
0,90,11,931,762,28,0.728937729,3.473207698
118,92,7,953,780,28,1.228187919,3.157850924
169,143,8,967,643,28,1.335664336,3.391820006
101,78,10,936,763,28,0.657692308,3.907412146
161,0,10,917,759,28,0.568690096,3.959669409
120,0,7,970,794,28,0.591549296,3.711863056
0,0,3,986,817,28,0.541666667,3.803546289
0,134,11,979,812,28,1.248275862,2.580216667
237,0,12,1069,675,28,1.16,3.622472293
170,133,8,814,805,28,1.333333333,3.396854418
170,0,8,811,802,28,0.589123867,4.036185393
0,143,9,1047,697,28,1.24516129,2.522523354
183,0,9,877,868,28,1.24516129,3.169265124
0,166,10,961,805,28,1.333333333,2.587011709
112,87,10,910,745,28,0.669172932,3.67427307
145,113,8,869,690,28,0.570063694,3.833628696
145,0,8,1000,822,28,0.405750799,3.795938287
173,0,3,986,817,28,1.246575342,3.167161189
136,106,7,941,774,28,1.236111111,3.263466502
0,182,15,839,884,28,1.222972973,2.742129342
117,91,7,946,666,28,0.689530686,3.774368602
0,107,13,953,784,28,0.55033557,3.579622242
145,0,8,1002,689,28,0.568690096,3.714790601
184,143,9,880,699,28,1.251612903,3.36695073
134,0,6,924,760,28,0.674740484,3.833844982
175,0,2,1000,828,28,1.155405405,3.292869297
0,179,8,824,869,28,1.393103448,2.355177394
0,0,8,1000,822,28,0.568690096,3.222867643
162,126,10,923,764,28,1.264705882,3.369706502
0,143,9,877,868,28,1.24516129,2.276240974
99,77,6,919,749,28,0.741176471,3.52046058
207,172,10,822,638,28,1.333333333,3.6848712
196,98,6,847,783,28,1.463235294,3.294724929
163,128,8,961,641,28,1.201219512,3.304319098
214,164,10,820,680,28,1.24691358,3.422632446
214,152,9,819,704,28,1.27388535,3.498021346
153,194,8,935,623,28,1.288590604,3.201932902
105,193,6,965,643,28,1.451851852,3.086942959
209,161,7,848,669,28,1.264150943,3.430108509
15,195,6,1021,709,28,1.222222222,2.730463624
174,185,7,845,612,28,1.480519481,3.192120886
187,195,7,898,636,28,1.107784431,3.173459761
86,190,6,923,623,28,1.157608696,3.132445899
178,187,7,854,614,28,1.416666667,3.381334539
91.7,71.5,6,852.9,695.4,28,1.042211904,3.354454907
0,113,8,1001.9,688.7,28,0.569741462,3.605497618
183.4,0,9.1,1047.4,696.7,28,1.24870801,2.906354279
230.5,0,3.4,827,871.8,28,1.387936943,3.487986292
0,106.7,10.5,819.2,778.4,28,0.747972973,3.447444415
210.2,0,3.1,949.4,795.3,28,1.470323065,3.365224509
145,0,8,867.2,824,28,0.569741462,3.711863056
0,111.9,7.9,992,815.9,28,1.216358839,2.499795105
145,113,8,1001.9,688.7,28,1.165904637,3.241028425
132.6,103.3,7.4,916,753.4,28,1.431736955,3.595666845
236,0,12.6,846.8,892.7,28,1.175919732,3.495294484
0,119.8,9.9,878.2,727.6,28,0.705470314,3.171364642
145,113,8,867.2,824,28,1.165904637,3.266903588
0,136.6,16.1,1001.8,830.1,28,1.067521945,2.888146881
0,137.9,10.8,801.1,792.5,28,0.60949464,3.654028946
144.7,0,8,999.7,822.2,28,1.166339227,2.944964971
110.5,86.1,5,895.2,732.6,28,0.746086292,3.518090911
0,194.9,11,897.7,712.9,28,1.386994949,2.144760872
0,185.3,15.6,1074.5,678,28,1.106171201,2.59972216
0,89.6,10.6,931.3,762.2,28,0.728906823,3.473517824
117.6,91.7,7.1,953.4,780.3,28,1.227516779,3.157850924
169.4,142.7,8.4,967.4,643.5,28,1.333566434,3.392156423
100.6,78.4,10.4,935.7,762.9,28,0.65640631,3.907412146
160.5,0,9.6,916.6,759.5,28,0.56759348,3.959860085
119.7,0,7.2,970.4,794.2,28,0.592605634,3.711863056
0,0,3.4,985.8,816.8,28,0.540564636,3.80376918
0,133.6,11.1,979.5,811.5,28,1.248618785,2.580216667
236.8,0,11.9,1069.3,674.8,28,1.158666667,3.622472293
170.2,132.6,8.5,814.1,805.3,28,1.333333333,3.396854418
169.6,0,8.1,811,802.3,28,0.589712557,4.036362025
0,142.8,9.1,1047.4,696.7,28,1.24870801,2.522523354
183.4,0,9.1,877.2,867.7,28,1.24870801,3.169265124
0,165.7,10,961,804.9,28,1.337787676,2.587011709
112.3,87.5,10.4,909.7,744.5,28,0.668294515,3.67427307
145.3,113.2,8,869.1,690.2,28,0.569745223,3.833628696
144.7,0,8,999.7,822.2,28,0.407099456,3.795938287
172.6,0,3.4,985.8,816.8,28,1.248455731,3.167161189
136.3,106.2,7.5,941.5,774.3,28,1.23852573,3.263848985
0,182.1,15,838.9,884.3,28,1.224848076,2.742773464
116.8,91,7,946.5,665.6,28,0.688086643,3.774598091
0,107.5,12.8,953.2,784,28,0.548809124,3.579901066
145,0,8,1001.9,688.7,28,0.569741462,3.714790601
183.9,143.2,9.2,879.6,698.5,28,1.24871134,3.36695073
133.7,0,5.5,924.1,760.1,28,0.674394464,3.834061222
175.1,0,2.2,1000,828.5,28,1.158322057,3.292869297
0,178.9,7.8,824,868.7,28,1.387207703,2.355177394
0,0,8,999.7,822.2,28,0.569555484,3.222867643
161.6,125.8,10.4,922.6,764.4,28,1.258064516,3.369706502
0,142.8,9.1,877.2,867.7,28,1.24870801,2.276240974
98.8,77,6.5,919,749.3,28,0.738738739,3.52046058
105.1,81.8,9,904,679.7,28,0.768695015,3.615501756
190.1,148.1,18.8,838.1,741.4,28,1.103703704,3.519276448
144.2,112.3,10.1,923.2,657.9,28,1.432942708,2.803360204
114.6,89.3,8.8,860,829.5,28,1.378156997,2.995231959
178.1,138.7,18.3,944,694.6,28,1.10342556,3.593193977
142.8,111.2,22.1,913.9,651.2,28,0.541464989,3.643358709
0,174.9,17.9,942.7,844.5,28,1.103064067,2.735665195
139.9,0,6.2,895.5,722.5,28,0.703227931,3.509154302
0,0,6.7,1013.2,730.4,28,0.508148544,3.665098694
148.9,116,15,953.3,719.7,28,1.104035309,3.320709921
238.7,0,6.3,1001.8,683.9,28,1.31061599,3.290637983
142.8,0,10,914.3,804,28,0.541612903,3.813306792
0,99.6,9.8,959.4,705.2,28,0.643044619,3.405189188
0,183.9,11.6,991.2,772.2,28,1.104042412,2.745345813
166.6,129.7,10.9,882.6,785.3,28,1.222692037,3.797957809
137.2,106.9,6,878.4,655.3,28,0.675957018,3.980055165
164.2,0,4.6,870,774,28,0.592903828,4.046903232
187,0,6.6,824.3,756.9,28,0.522677596,4.188289911
128.9,100.4,9.5,825.1,804.9,28,0.616154396,3.967078961
97.1,75.6,8.3,835.5,821.4,28,0.768742562,3.508555679
0,150.4,11.7,1023.3,728.9,28,1.10328068,2.892036855
243.5,0,10.7,1022,697.7,28,1.15874036,3.620600385
188,146.4,11.3,828.7,709.7,28,1.268414482,3.564165985
0,107,6.1,879,815.2,28,0.625293526,3.752792543
0,126.5,5.7,860.5,736.6,28,0.659641397,3.690378097
120.5,93.9,9.2,904.4,695.9,28,0.652975983,3.779633579
166.4,0,8.9,881.6,790,28,0.534398034,4.114800311
0,141.6,11,801.4,778.4,28,0.543130093,3.710396063
206.5,160.9,5.5,866.9,735.6,28,1.35530303,3.505857431
148.6,0,8.5,951,709.5,28,0.576124031,3.959478697
0,200.1,12.6,849.3,846,28,1.103532278,2.714032102
0,112.6,10.1,925.3,782.9,28,0.541427661,3.64961851
0,127.9,11.5,870.1,779.7,28,0.567828251,3.618188485
163.9,127.7,5.8,868.6,655.6,28,1.694345025,3.561897768
121,0,7,907.9,829.5,28,0.615117892,3.740997172
0,107,11.1,879.6,744.2,28,0.703219316,3.461978635
111,86.5,5.9,832.6,790.4,28,0.739130435,3.726656583
250,0,12.2,1049.3,688.2,28,1.053817272,3.675287269
259.7,0,12.7,858.8,826.8,28,1.103614458,3.635478448
116,90.3,8.9,870.1,768.3,28,0.649782923,3.790532869
0,115.6,10.4,817.9,813.4,28,0.608317815,3.439776647
139.4,108.6,6.1,892.4,780,28,1.297643098,3.165474848
186.7,0,11.3,989.6,788.9,28,1.10370836,3.489513243
100.5,78.3,8.6,864.5,761.5,28,0.768876964,3.478158203
