,blst,flh,sup,cag,fag,age,inX,outY
943,0.0,111.9,7.9,992.0,815.9,28,1.216358839,2.499795105
833,178.0,139.0,18.0,944.0,695.0,28,1.105263158,3.593193977
275,0.0,118.3,5.8,1028.4,757.7,14,0.749801114,3.398861107
653,153.0,0.0,0.0,887.0,942.0,90,1.882352941,3.237108389
904,183.0,0.0,9.0,877.0,868.0,28,1.24516129,3.169265124
358,97.8,24.5,11.2,1061.7,782.5,100,0.57972583,4.203945807
415,0.0,95.7,5.3,948.9,857.2,3,0.7672,2.138888865
33,0.0,0.0,0.0,932.0,594.0,270,0.48,3.74075984
266,0.0,124.8,7.8,1085.4,799.5,28,0.75,3.650658011
452,93.4,159.9,9.7,1007.2,746.6,56,0.99136939,3.89161595
552,238.2,0.0,0.0,1040.6,734.3,7,1.169395466,2.263844122
729,0.0,0.0,0.0,1025.0,821.0,90,0.580060423,3.6352147
627,0.0,0.0,0.0,1125.0,845.0,7,0.9,2.059238704
642,0.0,0.0,0.0,1100.0,820.0,28,0.728,3.038312529
815,0.0,0.0,0.0,1125.0,613.0,3,0.36,3.52046058
656,133.0,0.0,0.0,965.4,806.2,3,0.96,2.43449001
378,0.0,0.0,0.0,1003.5,762.4,100,0.570744681,3.762594254
761,0.0,0.0,0.0,974.0,775.0,90,0.58,3.44521405
222,0.0,163.3,4.5,1058.6,780.1,56,1.062612884,3.354454907
488,20.0,94.0,14.3,938.0,845.0,3,0.405684755,3.124564948
734,0.0,0.0,0.0,1056.0,809.0,90,0.550143266,3.705244574
777,0.0,0.0,0.0,1069.0,754.0,28,0.545722714,3.460723143
757,0.0,0.0,0.0,974.0,775.0,7,0.58,2.897567842
344,0.0,174.7,10.2,1053.5,776.4,3,0.724379972,2.866192721
539,0.0,0.0,0.0,936.2,712.2,90,0.4,3.994892231
601,0.0,0.0,0.0,968.0,781.0,28,0.581120944,3.466984903
240,0.0,118.2,6.1,1028.1,757.6,14,0.849804092,3.105482942
667,288.0,0.0,0.0,929.8,716.1,28,1.0,3.671733064
392,17.5,163.0,17.9,996.0,652.0,28,0.501501502,3.85608713
269,0.0,121.6,6.7,1056.4,778.5,3,0.75064711,2.736961372
551,0.0,0.0,0.0,889.8,945.0,3,0.752941176,2.104134021
798,0.0,0.0,0.0,1125.0,613.0,270,0.4,4.0102378
779,0.0,0.0,0.0,1069.0,769.0,28,0.627118644,3.226049825
194,0.0,100.5,7.5,1006.4,905.9,3,0.850539291,2.521720464
480,24.0,79.0,11.6,967.0,712.0,7,0.3632287,3.671224287
426,93.4,159.9,9.7,1007.2,746.6,14,0.99136939,3.38608353
975,116.8,91.0,7.0,946.5,665.6,28,0.688086643,3.774598091
668,102.0,0.0,0.0,888.0,943.1,3,1.254901961,1.564440448
984,0.0,142.8,9.1,877.2,867.7,28,1.24870801,2.276240974
128,94.7,0.0,11.4,946.8,852.1,28,0.366849179,4.226833479
971,144.7,0.0,8.0,999.7,822.2,28,0.407099456,3.795938287
950,0.0,137.9,10.8,801.1,792.5,28,0.60949464,3.654028946
258,0.0,100.4,8.7,1007.8,903.6,100,0.749647059,3.759337681
1000,166.6,129.7,10.9,882.6,785.3,28,1.222692037,3.797957809
249,0.0,95.7,5.5,956.9,861.2,3,0.7496,2.626116653
841,0.0,100.0,10.0,959.0,705.0,28,0.642622951,3.405189188
685,200.0,0.0,0.0,927.4,839.2,7,1.443609023,2.614471689
825,0.0,0.0,0.0,1040.0,734.0,28,0.465994962,3.665866448
819,0.0,0.0,0.0,1125.0,613.0,90,0.36,4.073801404
908,145.0,0.0,8.0,1000.0,822.0,28,0.405750799,3.795938287
731,0.0,0.0,0.0,1056.0,809.0,3,0.550143266,2.76443036
471,24.0,79.0,11.6,967.0,712.0,28,0.3632287,4.04357719
508,22.0,132.0,8.5,882.0,750.0,3,0.419811321,3.466048135
573,210.7,0.0,0.0,977.0,689.3,28,0.587472319,3.655839369
640,0.0,0.0,0.0,1025.0,745.0,7,0.4675,3.405852978
877,0.0,107.0,11.0,819.0,778.0,28,0.746621622,3.447444415
71,262.2,0.0,8.6,1046.9,611.8,3,0.560165975,3.360375175
185,0.0,96.7,4.5,967.1,870.3,14,0.851169065,3.196630014
399,156.0,0.0,5.9,981.0,760.0,28,0.807692308,3.671224287
644,0.0,0.0,0.0,1050.0,770.0,28,0.531428571,3.534853543
150,212.5,0.0,14.3,852.1,880.4,56,0.488393977,4.191168482
402,190.0,0.0,7.6,1031.0,685.0,28,0.571929825,3.981175613
108,151.2,0.0,15.9,1134.3,605.0,7,0.405533597,3.852272758
484,24.0,79.0,10.3,967.0,712.0,56,0.3632287,4.003142346
542,0.0,0.0,0.0,889.8,945.0,90,0.752941176,3.084658288
364,53.8,121.9,9.6,1014.3,780.6,3,0.724057701,2.89148207
753,0.0,0.0,0.0,1125.0,613.0,28,0.32037037,4.209308548
481,24.0,79.0,11.6,967.0,712.0,56,0.3632287,4.112020488
664,166.8,0.0,0.0,977.6,694.1,7,0.813349321,2.962692233
1003,187.0,0.0,6.6,824.3,756.9,28,0.522677596,4.188289911
89,177.0,0.0,11.1,884.9,707.9,3,0.423690205,3.671224287
444,0.0,118.3,5.8,1043.6,754.3,28,0.767303103,3.504655869
616,0.0,0.0,0.0,968.0,856.0,360,0.689530686,3.517497615
820,0.0,0.0,0.0,1125.0,613.0,270,0.36,4.206332799
462,13.6,172.4,4.1,1006.3,856.4,100,0.909512761,3.629129221
1011,120.5,93.9,9.2,904.4,695.9,28,0.652975983,3.779633579
648,212.0,0.0,0.0,971.8,748.5,28,1.44019816,3.397523762
265,0.0,124.8,7.8,1085.4,799.5,14,0.75,3.44521405
186,0.0,96.7,4.5,967.1,870.3,28,0.851169065,3.214465914
486,20.0,94.0,13.9,938.0,845.0,28,0.405684755,3.843315565
576,0.0,0.0,0.0,1069.2,754.3,7,0.547464623,3.053057148
931,15.0,195.0,6.0,1021.0,709.0,28,1.222222222,2.730463624
571,342.1,0.0,0.0,955.8,674.3,28,0.814473684,3.681350955
582,155.5,0.0,0.0,1026.6,724.3,28,1.090428655,3.247657421
465,93.4,159.9,9.7,1007.2,746.6,100,0.99136939,3.930648222
237,98.1,24.5,6.7,1066.0,785.5,56,0.849859682,3.852909498
43,0.0,0.0,0.0,932.0,670.0,180,0.6,3.972176678
491,20.0,94.0,14.3,938.0,845.0,7,0.405684755,3.606583984
550,0.0,0.0,0.0,940.6,785.6,7,0.488549618,3.322875205
932,174.0,185.0,7.0,845.0,612.0,28,1.480519481,3.192120886
351,0.0,174.2,11.7,1052.3,775.5,28,0.72412178,3.827335956
891,0.0,185.0,16.0,1074.0,678.0,28,1.105960265,2.59972216
937,0.0,113.0,8.0,1001.9,688.7,28,0.569741462,3.605497618
881,145.0,113.0,8.0,1002.0,689.0,28,1.163398693,3.241028425
587,158.8,0.0,0.0,1040.6,734.3,28,0.779596977,3.292497757
180,177.0,0.0,11.1,884.9,707.9,91,0.423690205,4.294560338
461,129.9,128.6,7.8,1006.3,746.6,100,1.048387097,3.982667594
612,0.0,0.0,0.0,968.0,856.0,28,0.689530686,3.25694182
913,0.0,107.0,13.0,953.0,784.0,28,0.55033557,3.579622242
32,132.4,0.0,0.0,978.4,825.5,180,0.966767372,3.730980395
30,76.0,0.0,0.0,932.0,670.0,365,0.75,4.012049066
179,189.0,0.0,11.6,944.7,755.8,91,0.454771098,4.373237853
711,203.5,0.0,0.0,965.4,631.0,90,0.666557484,4.00003363
382,0.0,60.0,0.0,1030.0,630.0,28,0.386138614,4.159195272
620,0.0,0.0,0.0,968.0,863.0,365,0.779527559,3.394172553
284,0.0,167.0,7.6,1055.6,777.8,3,0.934950386,2.611539136
783,0.0,0.0,0.0,1085.0,765.0,90,0.648648649,3.380654267
515,11.0,141.0,1.7,942.0,801.0,28,1.01980198,3.089677691
38,0.0,0.0,0.0,932.0,594.0,90,0.48,3.743130633
246,0.0,94.1,7.0,949.9,847.0,28,0.784124318,3.408834594
1,0.0,0.0,2.5,1055.0,676.0,28,0.3,4.125358355
390,50.0,0.0,3.0,1124.4,613.2,28,0.444345701,3.673257841
440,0.0,125.2,9.9,1079.0,798.9,28,0.8754598,3.21285755
609,0.0,0.0,0.0,968.0,885.0,180,0.81779661,3.18221164
283,0.0,118.3,6.4,1028.4,757.7,100,0.749801114,3.788950769
702,133.0,0.0,0.0,965.4,806.2,7,0.96,2.843163495
504,26.0,123.0,3.9,822.0,699.0,3,0.409368635,3.38608353
158,177.0,0.0,11.1,884.9,707.9,56,0.423690205,4.272490478
23,209.4,0.0,0.0,1047.0,806.9,180,1.375358166,3.788950769
699,305.3,0.0,0.0,963.4,630.0,3,1.0,2.257587585
359,54.6,123.8,11.9,1075.7,792.7,3,0.64527956,3.311272465
454,0.0,95.7,5.3,948.9,857.2,56,0.7672,3.679838477
9,0.0,0.0,0.0,932.0,594.0,28,0.48,3.670969802
456,0.0,100.5,7.5,998.0,901.8,56,0.874165383,3.770228762
698,305.3,0.0,0.0,963.4,630.0,28,1.0,3.730021162
829,105.0,82.0,9.0,904.0,680.0,28,0.769230769,3.615501756
7,95.0,0.0,0.0,932.0,594.0,28,0.6,3.595941232
267,0.0,124.8,7.8,1085.4,799.5,56,0.75,3.808438449
476,24.0,79.0,11.6,967.0,712.0,3,0.3632287,3.219675302
77,106.3,0.0,16.5,852.1,887.1,3,0.361176471,3.508555679
907,145.0,113.0,8.0,869.0,690.0,28,0.570063694,3.833628696
218,0.0,125.2,9.9,1088.1,802.6,100,0.850761955,3.698581996
994,0.0,0.0,6.7,1013.2,730.4,28,0.508148544,3.665098694
1020,121.0,0.0,7.0,907.9,829.5,28,0.615117892,3.740997172
946,236.0,0.0,12.6,846.8,892.7,28,1.175919732,3.495294484
217,0.0,125.2,9.9,1088.1,802.6,56,0.850761955,3.652215239
216,0.0,125.2,9.9,1088.1,802.6,28,0.850761955,3.34885069
290,45.2,122.0,8.2,1059.4,780.7,14,0.935164835,3.068052742
317,0.0,99.9,12.4,1006.0,899.8,56,0.580222399,3.787366162
1018,0.0,127.9,11.5,870.1,779.7,28,0.567828251,3.618188485
782,0.0,0.0,0.0,1085.0,765.0,28,0.648648649,3.07500526
732,0.0,0.0,0.0,1056.0,809.0,7,0.550143266,2.198334933
204,0.0,121.6,5.7,1057.6,779.3,3,0.850070721,2.5233256
430,0.0,100.5,7.5,998.0,901.8,14,0.874165383,3.189652765
485,20.0,94.0,14.3,938.0,845.0,28,0.405684755,3.916811275
370,0.0,124.1,11.3,1078.7,794.9,14,0.72407492,3.260017562
887,0.0,138.0,11.0,801.0,792.0,28,0.610429448,3.705736337
495,20.0,94.0,13.9,938.0,845.0,56,0.405684755,3.870575571
489,20.0,94.0,13.9,938.0,845.0,3,0.405684755,3.239070328
789,0.0,0.0,0.0,1047.0,806.0,28,0.550143266,3.487986292
455,0.0,174.2,11.7,1043.6,771.9,56,0.745667447,3.936910472
78,97.1,0.0,12.1,852.1,925.7,3,0.406330417,3.335769366
531,0.0,0.0,0.0,838.4,719.7,28,0.5,3.171784017
353,0.0,174.2,11.7,1052.3,775.5,100,0.72412178,4.082609048
844,137.0,107.0,6.0,878.0,655.0,28,0.674496644,3.980055165
354,97.8,24.5,11.2,1061.7,782.5,3,0.57972583,3.416085779
250,0.0,95.7,5.5,956.9,861.2,14,0.7496,3.215670491
326,0.0,98.8,14.2,987.8,889.0,28,0.57986524,3.923951329
376,0.0,0.0,0.0,1003.5,762.4,28,0.570744681,3.464797744
162,189.2,0.0,10.1,926.1,756.7,91,0.454812834,4.17284736
393,17.6,158.0,15.3,967.0,633.0,28,0.565868263,3.791661409
557,170.3,0.0,0.0,1026.6,724.3,7,0.726810176,2.847232086
522,15.0,141.0,5.5,842.0,801.0,56,0.63028169,3.795938287
867,260.0,0.0,13.0,859.0,827.0,28,1.102409639,3.6352147
205,0.0,121.6,5.7,1057.6,779.3,14,0.850070721,3.040705447
356,97.8,24.5,11.2,1061.7,782.5,28,0.57972583,4.145354222
848,97.0,76.0,8.0,835.0,821.0,28,0.76984127,3.508555679
794,0.0,0.0,0.0,974.0,817.0,180,0.67218543,3.286160364
598,0.0,0.0,0.0,968.0,781.0,3,0.581120944,2.581730671
500,26.0,123.0,3.9,822.0,699.0,28,0.409368635,4.059062492
171,0.0,0.0,28.2,852.1,893.7,91,0.266892528,4.080921284
558,181.9,0.0,0.0,1012.4,714.3,7,0.680718475,2.984165449
924,196.0,98.0,6.0,847.0,783.0,28,1.463235294,3.294724929
175,189.0,0.0,11.6,944.7,755.8,91,0.454771098,4.373237853
99,117.2,0.0,32.2,852.1,840.5,7,0.293816631,4.005513096
114,189.0,0.0,11.6,944.7,755.8,7,0.454771098,3.131136713
287,0.0,167.0,7.6,1055.6,777.8,56,0.934950386,3.571502361
843,167.0,130.0,11.0,883.0,785.0,28,1.225352113,3.797957809
156,200.9,0.0,11.2,1004.6,803.7,56,0.505413902,4.290322175
145,117.2,0.0,32.2,852.1,840.5,56,0.293816631,4.238444639
559,359.4,0.0,0.0,941.6,664.3,28,0.775041736,3.674780298
314,0.0,99.9,12.4,1006.0,899.8,3,0.580222399,3.045474173
806,0.0,0.0,0.0,1047.0,739.0,7,0.484293194,3.17805363
714,102.0,0.0,0.0,888.0,943.1,7,1.254901961,2.12465375
997,142.8,0.0,10.0,914.3,804.0,28,0.541612903,3.813306792
257,0.0,100.4,8.7,1007.8,903.6,56,0.749647059,3.750679618
533,0.0,0.0,0.0,913.2,895.3,3,0.664359862,2.455306025
592,0.0,0.0,0.0,1047.8,739.3,28,0.485490196,3.622739423
599,0.0,0.0,0.0,968.0,781.0,7,0.581120944,3.043092653
163,262.2,0.0,8.6,1046.9,611.8,91,0.560165975,4.198704313
363,54.6,123.8,11.9,1075.7,792.7,100,0.64527956,4.151511973
264,0.0,124.8,7.8,1085.4,799.5,3,0.75,2.971439393
427,0.0,125.2,9.9,1079.0,798.9,14,0.8754598,2.966303276
498,19.0,97.0,12.3,967.0,871.0,28,0.408450704,4.01548146
902,170.0,0.0,8.0,811.0,802.0,28,0.589123867,4.036185393
786,0.0,0.0,0.0,978.0,825.0,28,0.580060423,3.448398766
958,100.6,78.4,10.4,935.7,762.9,28,0.65640631,3.907412146
282,0.0,118.3,6.4,1028.4,757.7,56,0.749801114,3.601140313
425,75.4,167.0,7.9,1007.3,770.1,14,0.982035928,3.493472437
827,0.0,0.0,0.0,896.0,896.0,7,0.279693487,3.922171089
679,141.3,0.0,0.0,973.4,750.0,28,0.95990566,3.496507341
422,129.9,128.6,7.8,1006.3,746.6,14,1.048387097,3.459780487
910,136.0,106.0,7.0,941.0,774.0,28,1.236111111,3.263466502
24,0.0,0.0,0.0,932.0,670.0,365,0.6,3.961193799
659,162.4,0.0,0.0,938.2,849.0,90,1.879039705,3.375195366
521,15.0,141.0,5.5,842.0,801.0,7,0.63028169,3.183455679
883,236.0,0.0,13.0,847.0,893.0,28,1.181208054,3.495294484
915,184.0,143.0,9.0,880.0,699.0,28,1.251612903,3.36695073
524,19.0,141.0,10.9,942.0,801.0,28,0.428969359,4.085807973
369,0.0,124.1,11.3,1078.7,794.9,3,0.72407492,2.730463624
130,282.8,0.0,10.3,942.7,659.9,28,0.5678097,4.31347982
248,0.0,94.1,7.0,949.9,847.0,100,0.784124318,3.790984438
964,170.2,132.6,8.5,814.1,805.3,28,1.333333333,3.396854418
967,183.4,0.0,9.1,877.2,867.7,28,1.24870801,3.169265124
1012,166.4,0.0,8.9,881.6,790.0,28,0.534398034,4.114800311
312,0.0,95.6,8.9,955.1,859.2,56,0.579979709,3.886089378
695,173.0,0.0,0.0,909.8,891.9,28,1.655172414,3.106826125
493,20.0,94.0,11.6,938.0,845.0,7,0.405684755,3.72978121
800,0.0,0.0,0.0,1111.0,784.0,7,0.734126984,2.618125328
831,144.0,112.0,10.0,923.0,658.0,28,1.428571429,2.803360204
547,0.0,0.0,0.0,931.2,842.6,7,0.576576577,3.152735823
34,190.0,0.0,0.0,932.0,670.0,365,1.2,3.983226513
268,0.0,124.8,7.8,1085.4,799.5,100,0.75,3.867443718
1022,111.0,86.5,5.9,832.6,790.4,28,0.739130435,3.726656583
518,11.0,141.0,1.7,942.0,801.0,56,1.01980198,3.146304933
962,0.0,133.6,11.1,979.5,811.5,28,1.248618785,2.580216667
46,0.0,0.0,0.0,1047.0,806.9,3,0.550143266,2.71137782
434,129.8,118.6,3.6,1007.3,746.8,28,1.010674157,3.667655586
362,54.6,123.8,11.9,1075.7,792.7,56,0.64527956,4.126972821
286,0.0,167.0,7.6,1055.6,777.8,28,0.934950386,3.323956092
929,105.0,193.0,6.0,965.0,643.0,28,1.451851852,3.086942959
272,0.0,121.6,6.7,1056.4,778.5,56,0.75064711,3.754198683
1029,100.5,78.3,8.6,864.5,761.5,28,0.768876964,3.478158203
693,102.0,0.0,0.0,888.0,943.1,28,1.254901961,2.888146881
352,0.0,174.2,11.7,1052.3,775.5,56,0.72412178,3.940221411
360,54.6,123.8,11.9,1075.7,792.7,14,0.64527956,3.582406984
773,0.0,0.0,0.0,1047.0,739.0,28,0.486910995,3.622205092
11,132.4,0.0,0.0,978.4,825.5,28,0.966767372,3.332918331
514,22.0,132.0,8.9,822.0,750.0,56,0.396226415,4.308917891
377,0.0,0.0,0.0,1003.5,762.4,56,0.570744681,3.591817515
342,0.0,117.5,9.5,1022.8,753.5,56,0.588156124,3.950473943
900,237.0,0.0,12.0,1069.0,675.0,28,1.16,3.622472293
526,19.0,141.0,10.9,942.0,801.0,3,0.428969359,3.162939993
345,0.0,174.7,10.2,1053.5,776.4,14,0.724379972,3.518387427
329,0.0,125.1,12.0,1086.8,800.9,3,0.580632091,3.157850924
990,178.1,138.7,18.3,944.0,694.6,28,1.10342556,3.593193977
212,0.0,118.3,4.6,1029.4,758.6,56,0.85,3.451256364
629,0.0,0.0,0.0,1113.0,833.0,7,0.804444444,2.413231461
238,98.1,24.5,6.7,1066.0,785.5,100,0.849859682,3.911422579
959,160.5,0.0,9.6,916.6,759.5,28,0.56759348,3.959860085
72,106.3,0.0,16.5,852.1,887.1,3,0.361176471,3.508555679
977,145.0,0.0,8.0,1001.9,688.7,28,0.569741462,3.714790601
357,97.8,24.5,11.2,1061.7,782.5,56,0.57972583,4.202002172
922,99.0,77.0,6.0,919.0,749.0,28,0.741176471,3.52046058
710,166.8,0.0,0.0,977.6,694.1,28,0.813349321,3.609836019
105,94.7,0.0,11.4,946.8,852.1,7,0.366849179,3.990833934
941,210.2,0.0,3.1,949.4,795.3,28,1.470323065,3.365224509
722,0.0,0.0,0.0,1012.0,830.0,7,0.619354839,2.847232086
81,212.5,0.0,14.3,852.1,880.4,3,0.488393977,3.226843791
718,183.9,0.0,0.0,958.2,800.1,7,1.659869494,2.336986372
933,187.0,195.0,7.0,898.0,636.0,28,1.107784431,3.173459761
123,106.3,0.0,16.5,852.1,887.1,28,0.361176471,4.099165994
896,161.0,0.0,10.0,917.0,759.0,28,0.568690096,3.959669409
1027,139.4,108.6,6.1,892.4,780.0,28,1.297643098,3.165474848
170,97.1,0.0,12.1,852.1,925.7,91,0.406330417,4.053522312
925,163.0,128.0,8.0,961.0,641.0,28,1.201219512,3.304319098
458,0.0,143.6,0.0,1005.6,900.9,100,0.992727273,3.636532744
972,172.6,0.0,3.4,985.8,816.8,28,1.248455731,3.167161189
1001,137.2,106.9,6.0,878.4,655.3,28,0.675957018,3.980055165
974,0.0,182.1,15.0,838.9,884.3,28,1.224848076,2.742773464
270,0.0,121.6,6.7,1056.4,778.5,14,0.75064711,3.28728165
828,0.0,0.0,0.0,896.0,896.0,28,0.279693487,4.317354499
416,0.0,174.2,11.7,1043.6,771.9,3,0.745667447,2.747911561
101,97.1,0.0,12.1,852.1,925.7,7,0.406330417,3.552486605
177,189.0,0.0,11.6,944.7,755.8,91,0.454771098,4.373237853
774,0.0,0.0,0.0,1111.0,784.0,7,0.486910995,2.439734777
574,203.5,0.0,0.0,1076.2,759.3,7,1.368459838,2.016235339
220,0.0,163.3,4.5,1058.6,780.1,14,1.062612884,3.237893626
541,0.0,0.0,0.0,931.2,842.6,3,0.576576577,2.748551971
263,0.0,100.4,10.4,1003.8,903.8,100,0.749764817,3.865769377
230,98.1,24.5,6.9,1065.8,785.4,14,0.85025737,3.414113391
586,0.0,0.0,0.0,1104.6,784.3,7,0.486890404,2.676903303
466,0.0,125.2,9.9,1079.0,798.9,100,0.8754598,3.51333466
229,98.1,24.5,6.9,1065.8,785.4,3,0.85025737,2.890371575
530,19.0,141.0,10.9,942.0,801.0,56,0.428969359,4.201403369
193,0.0,94.6,4.6,947.0,852.2,100,0.846449957,3.54269672
645,305.3,0.0,0.0,963.4,630.0,7,1.0,2.972463459
82,94.7,0.0,11.4,946.8,852.1,3,0.366849179,3.716007887
199,0.0,125.4,7.8,1090.0,804.0,3,0.850026219,2.710713147
107,282.8,0.0,10.3,942.7,659.9,7,0.5678097,3.908014737
260,0.0,100.4,10.4,1003.8,903.8,14,0.749764817,3.23356717
96,106.3,0.0,18.6,936.0,803.7,7,0.356235294,3.84588296
214,0.0,125.2,9.9,1088.1,802.6,3,0.850761955,2.2460146
394,0.0,0.0,0.0,1120.0,695.0,28,0.432098765,3.956996121
917,175.0,0.0,2.0,1000.0,828.0,28,1.155405405,3.292869297
568,0.0,0.0,0.0,1040.6,734.3,7,0.467758186,3.236715539
1002,164.2,0.0,4.6,870.0,774.0,28,0.592903828,4.046903232
944,145.0,113.0,8.0,1001.9,688.7,28,1.165904637,3.241028425
307,0.0,97.4,11.8,973.9,875.6,56,0.579574161,3.932609391
517,11.0,141.0,1.7,942.0,801.0,7,1.01980198,2.712705841
575,0.0,0.0,0.0,1118.8,789.3,28,0.779924402,2.866761711
55,132.4,0.0,0.0,978.4,825.5,7,0.966767372,2.683757339
919,0.0,0.0,8.0,1000.0,822.0,28,0.568690096,3.222867643
826,0.0,0.0,0.0,936.0,721.0,3,0.4,3.194173011
479,24.0,79.0,11.6,967.0,712.0,7,0.3632287,3.638112107
91,189.0,0.0,11.6,944.7,755.8,3,0.454771098,3.563882739
621,0.0,0.0,0.0,968.0,812.0,180,0.628664495,3.540669204
28,47.5,0.0,0.0,932.0,594.0,28,0.533333333,3.622472293
474,24.0,79.0,10.3,967.0,712.0,28,0.3632287,3.977623211
852,0.0,107.0,6.0,879.0,815.0,28,0.624161074,3.752792543
154,151.2,0.0,15.9,1134.3,605.0,56,0.405533597,4.005513096
0,0.0,0.0,2.5,1040.0,676.0,28,0.3,4.38190135
395,200.0,0.0,0.0,1145.0,660.0,28,0.95,3.896909122
408,129.8,118.6,3.6,1007.3,746.8,3,1.010674157,3.031581735
890,0.0,195.0,11.0,898.0,713.0,28,1.392405063,2.144760872
637,0.0,0.0,0.0,1038.0,758.0,7,0.496,3.260401366
663,200.0,0.0,0.0,927.4,839.2,28,1.443609023,3.327550632
122,117.2,0.0,32.2,852.1,840.5,28,0.293816631,4.203198702
961,0.0,0.0,3.4,985.8,816.8,28,0.540564636,3.80376918
873,92.0,71.0,6.0,853.0,695.0,28,1.042194093,3.354454907
921,0.0,143.0,9.0,877.0,868.0,28,1.24516129,2.276240974
916,134.0,0.0,6.0,924.0,760.0,28,0.674740484,3.833844982
168,117.2,0.0,32.2,852.1,840.5,91,0.293816631,4.258445304
549,0.0,0.0,0.0,931.2,842.6,90,0.576576577,3.730021162
824,0.0,0.0,0.0,974.0,817.0,28,0.67218543,3.079613563
100,106.3,0.0,16.5,852.1,887.1,7,0.361176471,3.895893378
160,189.0,0.0,11.6,944.7,755.8,56,0.454771098,4.347693681
13,190.0,0.0,0.0,932.0,670.0,90,1.2,3.745495818
129,189.0,0.0,11.6,944.7,755.8,28,0.454771098,4.266896058
325,0.0,98.8,14.2,987.8,889.0,14,0.57986524,3.744550415
520,15.0,141.0,5.5,842.0,801.0,3,0.63028169,2.595254543
277,0.0,118.3,5.8,1028.4,757.7,56,0.749801114,3.610106545
617,0.0,0.0,0.0,968.0,863.0,3,0.779527559,2.23108895
830,190.0,148.0,19.0,838.0,741.0,28,1.104938272,3.519276448
675,122.6,0.0,0.0,959.2,800.0,90,1.106579663,3.482162521
992,0.0,174.9,17.9,942.7,844.5,28,1.103064067,2.735665195
752,0.0,0.0,0.0,1125.0,613.0,14,0.32037037,4.090336283
889,111.0,86.0,5.0,895.0,733.0,28,0.744274809,3.518090911
346,0.0,174.7,10.2,1053.5,776.4,28,0.724379972,3.692622207
137,189.0,0.0,11.6,944.7,755.8,28,0.454771098,4.266896058
201,0.0,125.4,7.8,1090.0,804.0,28,0.850026219,3.273363804
94,262.2,0.0,8.6,1046.9,611.8,7,0.560165975,3.756537866
31,114.0,0.0,0.0,932.0,670.0,365,0.857142857,3.968592106
671,157.0,0.0,0.0,972.6,749.1,7,0.813559322,3.016514622
736,0.0,0.0,0.0,1119.0,789.0,7,0.781512605,2.489064503
795,0.0,0.0,0.0,1125.0,613.0,180,0.36,4.125842969
822,0.0,0.0,0.0,974.0,800.0,28,0.630434783,3.226049825
954,0.0,185.3,15.6,1074.5,678.0,28,1.106171201,2.59972216
412,75.4,167.0,7.9,1007.3,770.1,3,0.982035928,2.742129342
223,0.0,163.3,4.5,1058.6,780.1,100,1.062612884,3.512738535
545,0.0,0.0,0.0,889.8,945.0,28,0.752941176,2.931193567
254,0.0,100.4,8.7,1007.8,903.6,3,0.749647059,2.605648103
834,143.0,111.0,22.0,914.0,651.0,28,0.541935484,3.517200835
570,0.0,0.0,0.0,1091.4,769.3,28,0.627789047,3.227637127
611,0.0,0.0,0.0,968.0,856.0,14,0.689530686,3.05682718
386,0.0,0.0,6.9,920.0,720.0,28,0.350378788,4.0400641
577,203.5,0.0,0.0,1076.2,759.3,28,1.368459838,2.901421411
25,0.0,0.0,0.0,932.0,670.0,270,0.6,3.97593608
998,0.0,99.6,9.8,959.4,705.2,28,0.643044619,3.405189188
397,116.0,119.0,5.7,833.0,880.0,28,1.268965517,3.372797694
80,106.3,0.0,16.5,852.1,887.1,3,0.361176471,3.508555679
241,0.0,118.2,6.1,1028.1,757.6,28,0.849804092,3.200304237
146,106.3,0.0,16.5,852.1,887.1,56,0.361176471,4.163559368
692,141.3,0.0,0.0,973.4,750.0,90,0.95990566,3.681350955
869,0.0,116.0,10.0,818.0,813.0,28,0.608695652,3.439776647
715,212.0,0.0,0.0,971.8,748.5,90,1.44019816,3.680342891
546,0.0,0.0,0.0,931.2,842.6,28,0.576576577,3.464797744
243,0.0,118.2,6.1,1028.1,757.6,100,0.849804092,3.710151355
507,22.0,132.0,8.5,822.0,750.0,28,0.419811321,4.127940251
76,117.2,0.0,32.2,852.1,840.5,3,0.293816631,3.693866763
202,0.0,125.4,7.8,1090.0,804.0,56,0.850026219,3.565015242
535,0.0,0.0,0.0,940.6,785.6,90,0.488549618,3.888754133
69,0.0,0.0,0.0,1120.0,800.0,28,0.301030928,4.276526951
115,189.0,0.0,9.5,944.7,755.8,7,0.51760876,3.558200906
860,0.0,113.0,10.0,925.0,783.0,28,0.541401274,3.64961851
285,0.0,167.0,7.6,1055.6,777.8,14,0.934950386,3.072693121
787,0.0,0.0,0.0,978.0,825.0,90,0.580060423,3.61711466
775,0.0,0.0,0.0,1104.0,774.0,28,0.661921708,3.110844884
894,169.0,143.0,8.0,967.0,643.0,28,1.335664336,3.391820006
846,187.0,0.0,7.0,824.0,757.0,28,0.521857923,4.188289911
807,0.0,0.0,0.0,1047.0,739.0,28,0.484293194,3.622205092
726,0.0,0.0,0.0,1025.0,821.0,3,0.580060423,2.660958426
745,0.0,0.0,0.0,1104.0,774.0,28,0.658362989,3.110844884
477,24.0,79.0,11.6,967.0,712.0,3,0.3632287,3.150596785
652,153.0,0.0,0.0,887.0,942.0,3,1.882352941,1.519513109
134,189.0,0.0,11.6,944.7,755.8,28,0.454771098,4.266896058
50,142.5,0.0,0.0,932.0,594.0,180,0.685714286,3.683364041
703,133.0,0.0,0.0,965.4,806.2,28,0.96,3.415757317
993,139.9,0.0,6.2,895.5,722.5,28,0.703227931,3.509154302
911,0.0,182.0,15.0,839.0,884.0,28,1.222972973,2.742129342
988,144.2,112.3,10.1,923.2,657.9,28,1.432942708,2.803360204
172,106.3,0.0,16.5,852.1,887.1,91,0.361176471,4.177459205
614,0.0,0.0,0.0,968.0,856.0,90,0.689530686,3.442019159
206,0.0,121.6,5.7,1057.6,779.3,28,0.850070721,3.214867601
14,76.0,0.0,0.0,932.0,670.0,28,0.75,3.867234579
548,0.0,0.0,0.0,913.2,895.3,28,0.664359862,3.241419585
337,0.0,121.4,9.9,1053.6,777.5,56,0.579789168,4.040415965
510,22.0,132.0,8.5,822.0,750.0,7,0.419811321,3.663561415
633,0.0,0.0,0.0,1088.0,808.0,7,0.665454545,2.653241797
490,20.0,94.0,11.6,938.0,845.0,3,0.405684755,3.548754722
607,0.0,0.0,0.0,968.0,885.0,28,0.822033898,2.913436847
886,0.0,137.0,16.0,1002.0,830.0,28,1.067567568,2.887589933
73,106.3,0.0,18.6,936.0,803.7,3,0.356235294,3.591817515
717,212.0,0.0,0.0,971.8,748.5,3,1.44019816,1.574846368
966,0.0,142.8,9.1,1047.4,696.7,28,1.24870801,2.522523354
681,116.0,0.0,0.0,946.8,856.8,28,1.10982659,3.189652765
228,42.1,163.8,5.7,1058.7,780.1,100,0.725,3.669441529
1015,148.6,0.0,8.5,951.0,709.5,28,0.576124031,3.959478697
90,189.0,0.0,22.0,944.7,755.8,3,0.374198512,3.703767833
759,0.0,0.0,0.0,974.0,775.0,28,0.58,3.308350623
40,38.0,0.0,0.0,932.0,670.0,90,0.666666667,3.921180696
810,0.0,0.0,0.0,970.0,850.0,7,0.619354839,2.707383141
976,0.0,107.5,12.8,953.2,784.0,28,0.548809124,3.579901066
811,0.0,0.0,0.0,970.0,850.0,28,0.619354839,3.329343068
747,0.0,0.0,0.0,1125.0,613.0,3,0.4,3.260401366
742,0.0,0.0,0.0,936.0,721.0,90,0.4,3.994155583
762,0.0,0.0,0.0,974.0,775.0,180,0.58,3.487986292
450,50.1,173.5,6.5,1006.2,793.5,56,0.949855908,3.984715439
605,0.0,0.0,0.0,968.0,885.0,3,0.822033898,1.867175991
234,98.1,24.5,6.7,1066.0,785.5,3,0.849859682,2.578700366
572,147.2,0.0,0.0,1055.0,744.3,7,0.841032609,2.571848418
749,0.0,0.0,0.0,1125.0,613.0,14,0.4,3.609294747
262,0.0,100.4,10.4,1003.8,903.8,56,0.749764817,3.79323923
383,0.0,0.0,11.3,1030.0,745.0,28,0.365853659,4.366912721
688,162.4,0.0,0.0,938.2,849.0,3,1.879039705,0.845868214
638,0.0,0.0,0.0,1038.0,758.0,28,0.496,3.643097032
857,207.0,161.0,5.0,867.0,736.0,28,1.356060606,3.505557176
657,162.4,0.0,0.0,938.2,849.0,28,1.879039705,3.02480533
935,178.0,187.0,7.0,854.0,614.0,28,1.416666667,3.381334539
470,0.0,118.3,5.8,1043.6,754.3,100,0.767303103,3.692622207
578,290.2,0.0,0.0,998.2,704.3,7,0.959689922,2.844909204
482,24.0,79.0,11.6,967.0,712.0,56,0.3632287,4.027848317
219,0.0,163.3,4.5,1058.6,780.1,3,1.062612884,2.375835405
581,272.8,0.0,0.0,1012.4,714.3,7,1.020890599,2.515274028
389,0.0,0.0,3.0,1124.4,613.2,28,0.399920016,3.787139584
613,0.0,0.0,0.0,968.0,856.0,3,0.689530686,2.43009826
859,0.0,200.0,13.0,849.0,846.0,28,1.103658537,2.714032102
103,106.3,0.0,16.5,852.1,887.1,7,0.361176471,3.895893378
365,53.8,121.9,9.6,1014.3,780.6,14,0.724057701,3.653252046
1014,206.5,160.9,5.5,866.9,735.6,28,1.35530303,3.505857431
979,133.7,0.0,5.5,924.1,760.1,28,0.674394464,3.834061222
348,0.0,174.7,10.2,1053.5,776.4,100,0.724379972,3.91362148
723,0.0,0.0,0.0,1012.0,830.0,28,0.619354839,3.326114366
680,153.0,0.0,0.0,887.0,942.0,28,1.882352941,2.849549584
660,173.0,0.0,0.0,909.8,891.9,90,1.655172414,3.434631941
780,0.0,0.0,0.0,1118.0,789.0,28,0.777310924,2.864483806
136,189.0,0.0,22.0,944.7,755.8,28,0.374198512,4.310798853
956,117.6,91.7,7.1,953.4,780.3,28,1.227516779,3.157850924
328,0.0,98.8,14.2,987.8,889.0,100,0.57986524,4.110053597
472,24.0,79.0,11.6,967.0,712.0,28,0.3632287,3.793689579
70,189.2,0.0,10.1,926.1,756.7,3,0.454812834,3.538056341
27,38.0,0.0,0.0,932.0,670.0,180,0.666666667,3.953548503
298,42.2,124.3,10.8,1080.8,796.2,100,0.937240971,3.874320894
661,212.0,0.0,0.0,971.8,748.5,7,1.44019816,2.340843657
700,200.0,0.0,0.0,927.4,839.2,3,1.443609023,1.92861853
1025,116.0,90.3,8.9,870.1,768.3,28,0.649782923,3.790532869
1017,0.0,112.6,10.1,925.3,782.9,28,0.541427661,3.64961851
802,0.0,0.0,0.0,1060.0,754.0,28,0.545722714,3.454737931
315,0.0,99.9,12.4,1006.0,899.8,14,0.580222399,3.507357356
579,135.7,0.0,0.0,1076.2,759.3,28,0.912530713,3.119276263
968,0.0,165.7,10.0,961.0,804.9,28,1.337787676,2.587011709
756,0.0,0.0,0.0,1125.0,613.0,270,0.32037037,4.306359484
22,209.4,0.0,0.0,1047.0,806.9,3,1.375358166,2.086913425
978,183.9,143.2,9.2,879.6,698.5,28,1.24871134,3.36695073
766,0.0,0.0,0.0,966.0,763.0,14,0.483116883,3.329343068
349,0.0,174.2,11.7,1052.3,775.5,3,0.72412178,2.8547444
923,207.0,172.0,10.0,822.0,638.0,28,1.333333333,3.6848712
805,0.0,0.0,0.0,940.0,758.0,90,0.488549618,3.887525129
59,142.5,0.0,0.0,932.0,594.0,28,0.685714286,3.497113218
647,236.0,0.0,0.0,935.4,781.2,90,1.222929936,3.769998267
120,93.8,0.0,23.4,852.1,992.6,28,0.3376,4.037773956
381,137.0,0.0,5.9,1130.0,745.0,28,0.46031746,4.403665532
112,177.0,0.0,11.1,884.9,707.9,7,0.423690205,4.027135558
945,132.6,103.3,7.4,916.0,753.4,28,1.431736955,3.595666845
169,106.3,0.0,16.5,852.1,887.1,91,0.361176471,4.177459205
492,20.0,94.0,13.9,938.0,845.0,7,0.405684755,3.826464876
321,0.0,98.8,12.8,987.8,889.0,28,0.634684866,3.429136534
225,42.1,163.8,5.7,1058.7,780.1,14,0.725,2.88032124
164,106.3,0.0,16.5,852.1,887.1,91,0.361176471,4.177459205
785,0.0,0.0,0.0,978.0,825.0,7,0.580060423,2.788707928
858,149.0,0.0,8.0,951.0,709.0,28,0.577639752,3.959287948
189,0.0,94.6,4.6,947.0,852.2,3,0.846449957,2.33988073
235,98.1,24.5,6.7,1066.0,785.5,14,0.849859682,2.881442945
565,0.0,0.0,0.0,1091.4,769.3,7,0.627789047,2.697326068
155,189.0,0.0,11.6,944.7,755.8,56,0.454771098,4.347693681
597,181.9,0.0,0.0,1012.4,714.3,28,0.680718475,3.44617053
437,50.1,173.5,6.5,1006.2,793.5,28,0.949855908,3.642835286
231,98.1,24.5,6.9,1065.8,785.4,28,0.85025737,3.822316851
442,0.0,174.2,11.7,1043.6,771.9,28,0.745667447,3.798630078
174,94.7,0.0,11.4,946.8,852.1,91,0.366849179,4.324132383
487,20.0,94.0,11.6,938.0,845.0,28,0.405684755,3.843315565
952,110.5,86.1,5.0,895.2,732.6,28,0.746086292,3.518090911
68,190.0,0.0,0.0,932.0,670.0,28,1.2,3.710151355
870,139.0,109.0,6.0,892.0,780.0,28,1.295302013,3.165052818
93,189.2,0.0,10.1,926.1,756.7,7,0.454812834,3.832979556
1019,163.9,127.7,5.8,868.6,655.6,28,1.694345025,3.561897768
475,24.0,79.0,11.6,967.0,712.0,3,0.3632287,3.565581013
469,0.0,100.5,7.5,998.0,901.8,100,0.874165383,3.790532869
763,0.0,0.0,0.0,966.0,763.0,1,0.483116883,1.835776239
537,0.0,0.0,0.0,936.2,712.2,28,0.4,3.782824828
251,0.0,95.7,5.5,956.9,861.2,28,0.7496,3.374853193
449,13.6,172.4,4.1,1006.3,856.4,56,0.909512761,3.579343341
666,288.0,0.0,0.0,929.8,716.1,3,1.0,2.548663455
157,189.0,0.0,11.6,944.7,755.8,56,0.454771098,4.347693681
211,0.0,118.3,4.6,1029.4,758.6,28,0.85,3.197856256
707,133.0,0.0,0.0,965.4,806.2,90,0.96,3.766996996
651,122.6,0.0,0.0,959.2,800.0,3,1.106579663,1.589235105
940,0.0,106.7,10.5,819.2,778.4,28,0.747972973,3.447444415
563,316.1,0.0,0.0,977.0,689.3,7,0.881347888,3.082826786
355,97.8,24.5,11.2,1061.7,782.5,14,0.57972583,3.865140776
209,0.0,118.3,4.6,1029.4,758.6,3,0.85,2.305580456
501,26.0,123.0,3.9,882.0,699.0,3,0.427698574,3.242982696
57,132.4,0.0,0.0,978.4,825.5,3,0.966767372,2.211565555
595,124.1,0.0,0.0,1083.4,764.3,28,0.997314715,2.867898721
704,166.8,0.0,0.0,977.6,694.1,3,0.813349321,2.275213753
196,0.0,100.5,7.5,1006.4,905.9,28,0.850539291,3.247268694
880,0.0,112.0,8.0,992.0,816.0,28,1.210526316,2.499795105
396,0.0,0.0,8.3,801.0,802.0,28,0.313953488,3.722555746
88,189.0,0.0,11.6,944.7,755.8,3,0.454771098,3.563882739
252,0.0,95.7,5.5,956.9,861.2,56,0.7496,3.646232649
585,193.5,0.0,0.0,998.2,704.3,28,0.639903515,3.497718728
224,42.1,163.8,5.7,1058.7,780.1,3,0.725,2.047692714
66,209.4,0.0,0.0,1047.0,806.9,360,1.375358166,3.799973262
674,157.0,0.0,0.0,972.6,749.1,3,0.813559322,2.607861309
12,47.5,0.0,0.0,932.0,594.0,270,0.533333333,3.761432409
584,342.1,0.0,0.0,955.8,674.3,7,0.814473684,3.087399267
768,0.0,0.0,0.0,978.0,825.0,180,0.580060423,3.663561415
431,0.0,118.3,5.8,1043.6,754.3,14,0.767303103,3.031581735
555,272.8,0.0,0.0,1012.4,714.3,28,1.020890599,3.330059144
135,177.0,0.0,11.1,884.9,707.9,28,0.423690205,4.189654478
125,0.0,0.0,28.2,852.1,893.7,28,0.266892528,4.032468904
200,0.0,125.4,7.8,1090.0,804.0,14,0.850026219,3.047375314
544,0.0,0.0,0.0,913.2,895.3,7,0.664359862,2.68102136
239,0.0,118.2,6.1,1028.1,757.6,3,0.849804092,2.592265005
670,203.5,0.0,0.0,965.4,631.0,28,0.666557484,3.769998267
1021,0.0,107.0,11.1,879.6,744.2,28,0.703219316,3.461978635
2,142.5,0.0,0.0,932.0,594.0,270,0.685714286,3.695606542
770,0.0,0.0,0.0,1047.0,806.0,3,0.550143266,2.707383141
866,250.0,0.0,12.0,1049.0,688.0,28,1.05,3.675033815
441,0.0,95.7,5.3,948.9,857.2,28,0.7672,3.303951789
113,189.0,0.0,22.0,944.7,755.8,7,0.374198512,4.079061448
862,164.0,128.0,6.0,869.0,656.0,28,1.692857143,3.561897768
308,0.0,97.4,11.8,973.9,875.6,100,0.579574161,4.018902113
297,42.2,124.3,10.8,1080.8,796.2,56,0.937240971,3.667400191
630,0.0,0.0,0.0,1113.0,833.0,28,0.804444444,2.853015791
735,0.0,0.0,0.0,1056.0,809.0,120,0.550143266,3.710151355
793,0.0,0.0,0.0,974.0,817.0,14,0.67218543,2.897567842
942,145.0,0.0,8.0,867.2,824.0,28,0.569741462,3.711863056
1013,0.0,141.6,11.0,801.4,778.4,28,0.543130093,3.710396063
709,116.0,0.0,0.0,946.8,856.8,90,1.10982659,3.468855811
3,142.5,0.0,0.0,932.0,594.0,365,0.685714286,3.714790601
400,180.0,95.0,9.5,860.0,800.0,28,0.636,4.217593845
591,0.0,0.0,0.0,1111.6,784.3,28,0.735445545,2.984165449
712,288.0,0.0,0.0,929.8,716.1,7,1.0,3.067122076
540,0.0,0.0,0.0,936.2,712.2,3,0.4,3.194582931
792,0.0,0.0,0.0,1047.0,806.0,360,0.550143266,3.74075984
909,173.0,0.0,3.0,986.0,817.0,28,1.246575342,3.167161189
119,106.3,0.0,18.6,936.0,803.7,28,0.356235294,4.123903104
543,0.0,0.0,0.0,889.8,945.0,7,0.752941176,2.324346438
947,0.0,119.8,9.9,878.2,727.6,28,0.705470314,3.171364642
893,118.0,92.0,7.0,953.0,780.0,28,1.228187919,3.157850924
799,0.0,0.0,0.0,1125.0,613.0,3,0.32037037,3.729061008
414,0.0,125.2,9.9,1079.0,798.9,3,0.8754598,2.529720506
603,0.0,0.0,0.0,968.0,781.0,180,0.581120944,3.595941232
143,93.8,0.0,23.4,852.1,992.6,56,0.3376,4.097672094
564,238.2,0.0,0.0,1040.6,734.3,28,1.169395466,3.047850035
580,193.5,0.0,0.0,998.2,704.3,7,0.639903515,3.084658288
420,128.5,132.1,8.1,1005.8,746.6,14,1.061212121,3.499230901
95,106.3,0.0,16.5,852.1,887.1,7,0.361176471,3.895893378
733,0.0,0.0,0.0,1056.0,809.0,28,0.550143266,3.51482342
313,0.0,95.6,8.9,955.1,859.2,100,0.579979709,3.952012404
207,0.0,121.6,5.7,1057.6,779.3,56,0.850070721,3.532225421
672,116.0,0.0,0.0,946.8,856.8,3,1.10982659,1.937301652
797,0.0,0.0,0.0,1125.0,613.0,180,0.4,3.932609391
53,76.0,0.0,0.0,932.0,670.0,90,0.75,3.895690105
813,0.0,0.0,0.0,970.0,850.0,180,0.619354839,3.619797064
339,0.0,117.5,9.5,1022.8,753.5,3,0.588156124,3.086942959
338,0.0,121.4,9.9,1053.6,777.5,100,0.579789168,4.070905074
619,0.0,0.0,0.0,968.0,863.0,180,0.779527559,3.318901929
60,76.0,0.0,0.0,932.0,670.0,270,0.75,3.995996187
473,24.0,79.0,11.6,967.0,712.0,28,0.3632287,3.932217465
845,164.0,0.0,5.0,870.0,774.0,28,0.591900312,4.046728453
336,0.0,121.4,9.9,1053.6,777.5,28,0.579789168,3.938275128
684,288.0,0.0,0.0,929.8,716.1,90,1.0,3.926517204
299,0.0,96.2,9.4,961.2,865.0,3,0.578856749,3.113515113
538,0.0,0.0,0.0,936.2,712.2,7,0.4,3.54298603
41,47.5,0.0,0.0,932.0,594.0,365,0.533333333,3.777347864
387,0.0,0.0,5.2,870.0,805.0,28,0.336538462,3.932217465
608,0.0,0.0,0.0,968.0,885.0,90,0.822033898,3.088766945
818,0.0,0.0,0.0,1125.0,613.0,28,0.36,4.024279434
121,118.8,0.0,8.9,852.1,781.5,28,0.381263158,4.2239095
963,236.8,0.0,11.9,1069.3,674.8,28,1.158666667,3.622472293
373,0.0,124.1,11.3,1078.7,794.9,100,0.72407492,3.833628696
463,50.1,173.5,6.5,1006.2,793.5,100,0.949855908,4.026422292
879,145.0,0.0,8.0,867.0,824.0,28,0.568690096,3.793013979
764,0.0,0.0,0.0,966.0,763.0,3,0.483116883,2.687847324
302,0.0,96.2,9.4,961.2,865.0,56,0.578856749,3.808438449
320,0.0,98.8,12.8,987.8,889.0,14,0.634684866,3.356199804
340,0.0,117.5,9.5,1022.8,753.5,14,0.588156124,3.610647378
341,0.0,117.5,9.5,1022.8,753.5,28,0.588156124,3.858621985
366,53.8,121.9,9.6,1014.3,780.6,28,0.724057701,3.955082245
126,106.3,0.0,16.5,852.1,887.1,28,0.361176471,4.099165994
421,129.8,118.6,3.6,1007.3,746.8,14,1.010674157,3.533394328
16,209.4,0.0,0.0,1047.0,806.9,90,1.375358166,3.67274984
368,53.8,121.9,9.6,1014.3,780.6,100,0.724057701,4.036538625
567,135.7,0.0,0.0,1076.2,759.3,7,0.912530713,2.481567592
289,45.2,122.0,8.2,1059.4,780.7,3,0.935164835,1.990610202
1023,250.0,0.0,12.2,1049.3,688.2,28,1.053817272,3.675287269
191,0.0,94.6,4.6,947.0,852.2,28,0.846449957,3.128513187
513,22.0,132.0,8.9,822.0,750.0,7,0.396226415,3.696103066
760,0.0,0.0,0.0,974.0,775.0,56,0.58,3.400530278
589,0.0,0.0,0.0,1069.2,754.3,28,0.547464623,3.462605791
561,0.0,0.0,0.0,1040.6,734.3,28,0.467758186,3.498928649
173,212.5,0.0,14.3,852.1,880.4,91,0.488393977,4.220976947
367,53.8,121.9,9.6,1014.3,780.6,56,0.724057701,3.98824278
374,0.0,0.0,0.0,1003.5,762.4,3,0.570744681,2.789937185
888,145.0,0.0,8.0,1000.0,822.0,28,1.163398693,2.944964971
713,236.0,0.0,0.0,935.4,781.2,3,1.222929936,2.271094283
159,189.0,0.0,22.0,944.7,755.8,56,0.374198512,4.374498092
678,192.0,0.0,0.0,932.0,717.8,28,0.666666667,3.658420016
309,0.0,95.6,8.9,955.1,859.2,3,0.579979709,3.133317739
721,0.0,0.0,0.0,1012.0,830.0,3,0.619354839,2.472327712
151,94.7,0.0,11.4,946.8,852.1,56,0.366849179,4.300002528
423,13.6,172.4,4.1,1006.3,856.4,14,0.909512761,3.392828918
985,98.8,77.0,6.5,919.0,749.3,28,0.738738739,3.52046058
618,0.0,0.0,0.0,968.0,863.0,90,0.779527559,3.293611963
669,192.0,0.0,0.0,932.0,717.8,3,0.666666667,2.779440022
323,0.0,98.8,12.8,987.8,889.0,100,0.634684866,3.933001164
410,13.6,172.4,4.1,1006.3,856.4,3,0.909512761,3.058237286
316,0.0,99.9,12.4,1006.0,899.8,28,0.580222399,3.524594037
259,0.0,100.4,10.4,1003.8,903.8,3,0.749764817,2.590016971
960,119.7,0.0,7.2,970.4,794.2,28,0.592605634,3.711863056
982,0.0,0.0,8.0,999.7,822.2,28,0.569555484,3.222867643
969,112.3,87.5,10.4,909.7,744.5,28,0.668294515,3.67427307
407,128.5,132.1,8.1,1005.8,746.6,3,1.061212121,2.966303276
632,0.0,0.0,0.0,1063.0,783.0,28,0.566153846,3.42001892
148,0.0,0.0,28.2,852.1,893.7,56,0.266892528,4.074141598
131,151.2,0.0,15.9,1134.3,605.0,28,0.405533597,3.955082245
836,140.0,0.0,6.0,895.0,722.0,28,0.703947368,3.509154302
17,38.0,0.0,0.0,932.0,670.0,365,0.666666667,4.027848317
424,50.1,173.5,6.5,1006.2,793.5,14,0.949855908,3.496810325
556,290.2,0.0,0.0,998.2,704.3,28,0.959689922,3.485231891
182,189.0,0.0,11.6,944.7,755.8,91,0.454771098,4.373237853
497,19.0,97.0,13.1,967.0,871.0,28,0.408450704,3.784870981
247,0.0,94.1,7.0,949.9,847.0,56,0.784124318,3.678576329
801,0.0,0.0,0.0,1111.0,784.0,28,0.734126984,2.980110705
776,0.0,0.0,0.0,1069.0,754.0,7,0.545722714,3.052112414
380,0.0,59.0,1.9,1098.0,641.0,28,0.298947368,4.047077981
10,132.4,0.0,0.0,978.4,825.5,90,0.966767372,3.639426341
750,0.0,0.0,0.0,1125.0,613.0,28,0.4,3.78623276
808,0.0,0.0,0.0,1111.0,784.0,7,0.738095238,2.439734777
566,170.3,0.0,0.0,1026.6,724.3,28,0.726810176,3.467296965
878,210.0,0.0,3.0,949.0,795.0,28,1.473684211,3.434954262
244,0.0,94.1,7.0,949.9,847.0,3,0.784124318,2.992225945
622,0.0,0.0,0.0,968.0,812.0,365,0.628664495,3.587676722
983,161.6,125.8,10.4,922.6,764.4,28,1.258064516,3.369706502
914,145.0,0.0,8.0,1002.0,689.0,28,0.568690096,3.714790601
84,282.8,0.0,10.3,942.7,659.9,3,0.5678097,3.342861594
930,209.0,161.0,7.0,848.0,669.0,28,1.264150943,3.430108509
153,282.8,0.0,10.3,942.7,659.9,56,0.5678097,4.384523238
744,0.0,0.0,0.0,1104.0,774.0,7,0.661921708,2.674148481
64,114.0,0.0,0.0,932.0,670.0,180,0.857142857,3.885678785
51,190.0,0.0,0.0,932.0,670.0,180,1.2,3.848656887
184,0.0,96.7,4.5,967.1,870.3,3,0.851169065,2.449279318
464,75.4,167.0,7.9,1007.3,770.1,100,0.982035928,4.039712112
706,102.0,0.0,0.0,888.0,943.1,90,1.254901961,3.2703289
639,0.0,0.0,0.0,1025.0,745.0,28,0.4675,3.777347864
708,173.0,0.0,0.0,909.8,891.9,3,1.655172414,1.837369865
132,189.0,0.0,11.6,944.7,755.8,28,0.454771098,4.266896058
428,0.0,95.7,5.3,948.9,857.2,14,0.7672,3.205182295
79,0.0,0.0,28.2,852.1,893.7,3,0.266892528,3.720862265
996,238.7,0.0,6.3,1001.8,683.9,28,1.31061599,3.290637983
97,93.8,0.0,23.4,852.1,992.6,7,0.3376,3.822098057
181,189.0,0.0,22.0,944.7,755.8,91,0.374198512,4.414009402
649,250.2,0.0,0.0,975.6,692.6,3,1.220023981,1.93152129
643,0.0,0.0,0.0,1050.0,770.0,7,0.531428571,3.009634989
876,230.0,0.0,3.0,827.0,872.0,28,1.383561644,3.498323872
288,0.0,167.0,7.6,1055.6,777.8,100,0.934950386,3.814850853
562,0.0,0.0,0.0,1047.8,739.3,7,0.485490196,3.180966051
453,0.0,125.2,9.9,1079.0,798.9,56,0.8754598,3.456947179
1007,243.5,0.0,10.7,1022.0,697.7,28,1.15874036,3.620600385
823,0.0,0.0,0.0,974.0,800.0,180,0.630434783,3.387436253
39,237.5,0.0,0.0,932.0,594.0,180,0.96,3.590439155
512,22.0,132.0,8.9,822.0,750.0,3,0.396226415,3.469167289
864,0.0,107.0,11.0,880.0,744.0,28,0.704697987,3.46166491
318,0.0,99.9,12.4,1006.0,899.8,100,0.580222399,3.814850853
116,189.2,0.0,10.1,926.1,756.7,28,0.454812834,4.112347927
884,0.0,120.0,10.0,878.0,728.0,28,0.706666667,3.171364642
139,189.2,0.0,10.1,926.1,756.7,56,0.454812834,4.1494636
554,158.8,0.0,0.0,1040.6,734.3,7,0.779596977,2.753023393
379,0.0,0.0,4.0,966.0,853.0,28,0.28,4.213163832
995,148.9,116.0,15.0,953.3,719.7,28,1.104035309,3.320709921
716,173.0,0.0,0.0,909.8,891.9,7,1.655172414,2.311544688
429,0.0,174.2,11.7,1043.6,771.9,14,0.745667447,3.387436253
874,0.0,113.0,8.0,1002.0,689.0,28,0.568690096,3.605497618
203,0.0,125.4,7.8,1090.0,804.0,100,0.850026219,3.703028644
796,0.0,0.0,0.0,1125.0,613.0,90,0.4,3.854817288
42,237.5,0.0,0.0,932.0,594.0,365,0.96,3.663561415
920,162.0,126.0,10.0,923.0,764.0,28,1.264705882,3.369706502
606,0.0,0.0,0.0,968.0,885.0,14,0.822033898,2.552565137
898,0.0,0.0,3.0,986.0,817.0,28,0.541666667,3.803546289
333,0.0,125.1,12.0,1086.8,800.9,100,0.580632091,4.195997951
778,0.0,0.0,0.0,1069.0,769.0,7,0.627118644,2.694627011
152,189.0,0.0,11.6,944.7,755.8,56,0.454771098,4.347693681
447,129.8,118.6,3.6,1007.3,746.8,56,1.010674157,3.883417503
52,237.5,0.0,0.0,932.0,594.0,90,0.96,3.500137109
161,189.0,0.0,9.5,944.7,755.8,56,0.51760876,4.092509288
20,47.5,0.0,0.0,932.0,594.0,180,0.533333333,3.733852584
951,144.7,0.0,8.0,999.7,822.2,28,1.166339227,2.944964971
855,166.0,0.0,9.0,882.0,790.0,28,0.533742331,4.114637006
147,97.1,0.0,12.1,852.1,925.7,56,0.406330417,4.0109627
459,128.5,132.1,8.1,1005.8,746.6,100,1.061212121,4.007696503
49,95.0,0.0,0.0,932.0,594.0,7,0.6,3.491037865
1026,0.0,115.6,10.4,817.9,813.4,28,0.608317815,3.439776647
641,0.0,0.0,0.0,1100.0,820.0,7,0.728,2.543961252
624,0.0,0.0,0.0,968.0,812.0,28,0.628664495,3.31527611
737,0.0,0.0,0.0,1119.0,789.0,28,0.781512605,2.864483806
868,116.0,90.0,9.0,870.0,768.0,28,0.652173913,3.790532869
771,0.0,0.0,0.0,978.0,825.0,3,0.580060423,2.604169906
928,153.0,194.0,8.0,935.0,623.0,28,1.288590604,3.201932902
683,200.0,0.0,0.0,927.4,839.2,90,1.443609023,3.599774752
306,0.0,97.4,11.8,973.9,875.6,28,0.579574161,3.877017152
417,0.0,100.5,7.5,998.0,901.8,3,0.874165383,2.499795105
271,0.0,121.6,6.7,1056.4,778.5,28,0.75064711,3.518387427
87,200.9,0.0,11.2,1004.6,803.7,3,0.505413902,3.194582931
610,0.0,0.0,0.0,968.0,885.0,365,0.81779661,3.222070512
600,0.0,0.0,0.0,968.0,781.0,14,0.581120944,3.297317043
730,0.0,0.0,0.0,1025.0,821.0,120,0.580060423,3.673257841
74,93.8,0.0,23.4,852.1,992.6,3,0.3376,3.367295617
903,0.0,143.0,9.0,1047.0,697.0,28,1.24516129,2.522523354
926,214.0,164.0,10.0,820.0,680.0,28,1.24691358,3.422632446
296,42.2,124.3,10.8,1080.8,796.2,28,0.937240971,3.437850482
569,0.0,0.0,0.0,1104.6,784.3,28,0.486890404,3.11307057
468,0.0,174.2,11.7,1043.6,771.9,100,0.745667447,3.969536661
814,0.0,0.0,0.0,970.0,850.0,360,0.619354839,3.640476485
503,26.0,123.0,3.9,882.0,699.0,56,0.427698574,4.087487517
98,118.8,0.0,8.9,852.1,781.5,7,0.381263158,4.018182948
791,0.0,0.0,0.0,1047.0,806.0,180,0.550143266,3.714790601
75,118.8,0.0,8.9,852.1,781.5,3,0.381263158,3.632308873
758,0.0,0.0,0.0,974.0,775.0,14,0.58,3.114847558
882,133.0,103.0,7.0,916.0,753.0,28,1.428571429,3.595666845
304,0.0,97.4,11.8,973.9,875.6,3,0.579574161,3.141562524
